id,authorId,content,contentVector,createdAt,moderationReason,status,updatedAt,_CategoryToPost,Attachment,Comment,Like
0030f254-a29e-4a55-97f2-7d33f35094ce,e80c9d9f-94e9-46db-85a6-1a3fd705818b,Cách để thằng khỉ không ra ngoài oánh nhau nữa,,2026-03-14T00:13:17.514Z,,PUBLISHED,2026-03-30T00:13:17.514Z,,,,
003a5cbb-00f4-4d7e-8cc4-c03e49ccd99d,7cbd37a4-3374-4291-bd6d-b2474273342a,Is Sano falling for her? (via Hana-Kimi),,2026-03-06T00:11:30.206Z,,PUBLISHED,2026-03-30T00:11:30.206Z,,,,
00617bd0-8232-49a1-8da3-d2507c1c9f78,5a3c02df-6c93-4aae-b63e-f598c32df599,An Introduction to Brutalism: The Iconic Postwar Architectural Style That Combined Utopianism and Concrete,,2026-03-01T00:11:30.613Z,,PUBLISHED,2026-03-30T00:11:30.613Z,,,,
007aef44-461f-4ef4-aa8e-417d0a801063,0e3444b0-651e-4117-b47b-817069dec9e7,"What it means to make history! 🥹

Puerto Rico celebrate qualifying for the FIFA U-17 Women’s World Cup - the first time they have qualified for a FIFA World Cup at any level, male or female 🇵🇷🙌",,2026-03-29T00:16:38.128Z,,PUBLISHED,2026-03-30T00:16:38.128Z,,,,
00d8a80d-879d-4a91-bfa2-fc7a9b53336c,4bc7eff0-091a-45f8-84ca-72276cc4fc1e,"Một bồi thẩm đoàn tại Mỹ vừa phán quyết Meta và Youtube sẽ phải chịu trách nhiệm trong vụ kiện liên quan đến “nghiện mạng xã hội”. Đây được xem là bước ngoặt pháp lý đối với ngành công nghệ.

Phán quyết được đưa ra tại bang California sau hơn 7 tuần xét xử. Trong đó, bồi thẩm đoàn kết luận 2 công ty đã thiết kế nền tảng một cách bất cẩn, nhận thức được rủi ro nhưng không cảnh báo, gây tổn hại đáng kể đến sức khỏe tâm lý của nguyên đơn.

Nguyên đơn là một phụ nữ 20 tuổi. Cô cho biết, bị gây hại từ nhỏ dẫn đến lo âu và rối loạn hình thể. Tòa yêu cầu bồi thường 3 triệu đô la Mỹ. Trong đó, Meta chịu 70% trách nhiệm còn YouTube chịu 30%. Bồi thẩm đoàn cũng cho rằng hai công ty này có thể tiếp tục phải đối mặt với khoản bồi thường mang tính trừng phạt trong giai đoạn xét xử kế tiếp.

Cả hai công ty đều liên tục phủ nhận cáo buộc. YouTube gọi những cáo buộc được đưa ra là ""hoàn toàn không đúng sự thật"", còn Meta cho biết các vấn đề sức khỏe tâm thần của nguyên đơn là do cuộc sống gia đình khó khăn gây ra và việc sử dụng mạng xã hội không phải là nguyên nhân.",,2026-03-25T00:15:25.606Z,,PUBLISHED,2026-03-30T00:15:25.606Z,,,,
00fabd00-891b-423a-99e0-b501f253b1b4,7cbd37a4-3374-4291-bd6d-b2474273342a,"NEWS: ""Ranma 1/2"" Season 3 Announced for October 2026!
Watch trailer & more: acani.me/ranma-s3

MAPPA is back in charge of the animation.",,2026-03-09T00:11:14.626Z,,PUBLISHED,2026-03-30T00:11:14.626Z,,,,
01006ccc-e9c3-4aff-be9e-6db2b51619c3,da59f15f-d533-46f2-bb1e-fef513f7658b,"The breakthrough 🇹🇷

#FIFAWorldCup",,2026-03-20T00:16:38.325Z,,PUBLISHED,2026-03-30T00:16:38.325Z,,,,
01090c97-b1e9-4dc4-8d91-345dd7467eb4,f9bb992c-f613-4e52-8d15-905f35113610,"Sự xuất hiện của Severus Snape trong dự án Harry Potter truyền hình của HBO đang vấp phải làn sóng tranh luận dữ dội từ người hâm mộ toàn cầu. Đa số ý kiến cho rằng tạo hình nhân vật quá trẻ, thiếu đi sự uy nghiêm và phong thái lạnh lùng đặc trưng của vị Giáo sư Độc dược; thậm chí, một số người còn mỉa mai ngoại hình này trông giống một... rapper hơn là phù giáo sư phù thủy.

Bên cạnh đó, việc thay đổi sắc tộc của Snape cũng gây ra những lo ngại về tính nhất quán của cốt truyện. Có ý kiến phân tích rằng nếu Snape là người da màu, mối quan hệ giữa các nhân vật sẽ vô tình bị gán thêm những tầng nghĩa nhạy cảm về sắc tộc không có trong nguyên tác - như việc Harry nghi ngờ giáo viên da màu duy nhất, hay việc James Potter bắt nạt một học sinh da màu làm chệch hướng hoàn toàn tinh thần của bộ truyện gốc.",,2026-03-16T00:14:11.606Z,,PUBLISHED,2026-03-30T00:14:11.606Z,,,,
01301a2d-8933-4f52-82cd-de61c5e7eab3,ecb51e1a-b698-40a0-95d8-2eea6e774ba4,"NBA player and National Geographic 33 honoree Russell Westbrook wants to be remembered for giving back to others—but don’t forget his love of music and dancing, too.

The National Geographic 33—inspired by our 33 founders—is an initiative honoring changemakers who are rising to meet the most critical challenges of our time, making meaningful progress and incredible breakthroughs. See the full honoree list: https://on.natgeo.com/k8xjZe. #NatGeo33",,2026-03-11T00:14:48.645Z,,PUBLISHED,2026-03-30T00:14:48.645Z,,,,
013c6dd7-7939-49b8-a522-fa241e3c66ef,bb264706-0be1-43ae-997a-138bca242377,48 Hours Strike Order!,,2026-03-06T00:15:43.980Z,,PUBLISHED,2026-03-30T00:15:43.980Z,,,,
01912919-f486-4712-a51c-91c75b851ccd,06339fa5-01b2-495c-8f7d-a40e941ceecf,'Ổ voi' dày đặc đường vào khu chế xuất lớn nhất TP HCM👇,,2026-03-21T00:15:04.278Z,,PUBLISHED,2026-03-30T00:15:04.278Z,,,,
01b03085-6f6b-4076-bb12-ca47e8fa7418,56257f1b-41d6-4f2e-9ef2-9195f5117a85,"#newsfromjapan 

BS11 Giving Away Exclusive April 2026 Anime Guide at AnimeJapan 2026!

Featuring Rimuru from [That Time I Got Reincarnated as a Slime] on the cover and Botan from the upcoming yuri comedy [Botan Kamiina Fully Blossoms When Drunk] (premiering April 2026) inside!

Free at their booth — limited event exclusive! 🌸

source: BS11_anime

Follow us for the latest anime news!",,2026-03-29T00:11:30.413Z,,PUBLISHED,2026-03-30T00:11:30.413Z,,,,
01e553d2-d54b-4475-adbe-75743f4c1cf2,057c3369-0766-457a-9b06-b8241bbfb888,"🔥 CHÍNH THỨC MỞ BÁN | TRIỆU VÂN - CHIẾN THẦN VÔ SONG 🔥

⚔️ Từ ngày 20.03.2026, các Kiện Tướng đã có thể sở hữu trang phục bậc SS Triệu Vân – Chiến Thần Vô Song trực tiếp tại shop với mức giá 799 Quân Huy.

🔥 Không những thế, nút bấm độc quyền của trang phục cũng được mở bán với mức giá ưu đãi chỉ 59 Quân Huy chỉ trong khoảng thời gian từ 20.03 - 31.03. Từ ngày 01.04, nút bấm sẽ mở bán với mức giá 99QH nên là đừng bỏ lỡ ưu đãi này nhé!

⏰ Thời khắc đã điểm, nhanh tay chiêu mộ Chiến Thần Vô Song và làm chủ trận đấu ngay hôm nay!",,2026-03-10T00:13:33.531Z,,PUBLISHED,2026-03-30T00:13:33.531Z,,,,
01f9ebcf-598a-4698-98b8-1895d7058b36,5a3c02df-6c93-4aae-b63e-f598c32df599,"“Moss & Freud,” starring Ellie Bamber as Kate Moss, will premiere to the public in the United Kingdom on May 29th.",,2026-03-23T00:11:30.613Z,,PUBLISHED,2026-03-30T00:11:30.613Z,,,,
0201a1ab-afc8-4eff-bd38-fafd3c22c15e,4bc7eff0-091a-45f8-84ca-72276cc4fc1e,"Một nhóm nghiên cứu do nhà sinh vật học người Australia - Tim Flannery dẫn đầu vừa ghi nhận sự tồn tại của hai loài thú có túi hiếm trong rừng mưa ở bán đảo Vogelkop thuộc vùng Tây Papua, Indonesia. Theo các nhà khoa học, hai loài này từng được cho là đã tuyệt chủng từ hàng nghìn năm trước.

Một trong hai loài là thú có túi lông sọc, có ngón tay dài bất thường, với ngón thứ tư dài gấp đôi các ngón còn lại. Đặc điểm này giúp chúng moi và ăn ấu trùng côn trùng sống trong thân cây. Các nghiên cứu hóa thạch cho thấy loài thú có túi này từng sinh sống tại khu vực Queensland (Australia) khoảng 300.000 năm trước, nhưng dường như đã biến mất trong kỷ băng hà. Trước phát hiện mới, các nhà khoa học cho rằng chúng chỉ tồn tại tại Tây Papua cho đến khoảng 6.000 năm trước.

Loài còn lại là sóc bay đuôi vòng (Tous ayamaruensis), họ hàng gần với loài sóc bay lớn ở Australia. Loài này có tai không có lông và chiếc đuôi khỏe giúp chúng bám vào cành cây khi di chuyển trong rừng. 

Hai loài thú này được ghi nhận sống trong các khu rừng núi thấp tại bán đảo Vogelkop. Đây là nơi thưa dân cư và vẫn còn nhiều hệ sinh thái rừng nguyên sinh. Sự tồn tại của chúng được xác nhận nhờ ảnh chụp của các nhà nghiên cứu độc lập cùng các mảnh hóa thạch và một mẫu vật bảo tàng thu thập từ năm 1992. Đối với một số cộng đồng bản địa tại Vogelkop, sóc bay đuôi vòng còn được xem là loài vật linh thiêng, gắn với tín ngưỡng về linh hồn tổ tiên.

Các phát hiện mới đã được công bố trong một số đặc biệt của tạp chí khoa học do Bảo tàng Australia xuất bản. Theo các nhà nghiên cứu, kết quả này cho thấy tầm quan trọng của việc bảo tồn các khu rừng mưa tại New Guinea - nơi có thể vẫn còn lưu giữ nhiều loài sinh vật quý hiếm chưa được phát hiện.",,2026-03-02T00:15:25.605Z,,PUBLISHED,2026-03-30T00:15:25.605Z,,,,
020562e6-cf0b-4731-bb95-6a15d500f108,4bc7eff0-091a-45f8-84ca-72276cc4fc1e,"BREAKING: A device ignited outside Zohran Mamdani's mayoral residence yesterday during an anti-Islam protest and counterprotest was confirmed to be an improvised explosive, New York City police say.",,2026-03-09T00:15:25.606Z,,PUBLISHED,2026-03-30T00:15:25.606Z,,,,
023cf838-259e-4f55-b0f3-66aac3bb2f40,af30b1ab-da9a-42a8-b220-576007dd082b,"For today's coding challenge, you'll get an array of student exam scores and the score needed to pass the exam. Your task is to return the number of students who passed. Check it out on the freeCodeCamp mobile app.",,2026-03-18T00:16:04.676Z,,PUBLISHED,2026-03-30T00:16:04.676Z,,,,
0243d834-bf08-48ea-96ff-ef8789d60116,0eaf3dab-44d0-4bc9-a5ad-7ef101236200,"🐳 DOCKER NETWORK: 3 CHẾ ĐỘ MẠNG – BRIDGE, HOST, CNI OVERLAY, CHỌN SAI LÀ MẠNG ""TÈO""! 🚀

Bạn deploy container, thấy network chậm, hoặc không kết nối được giữa các node?
Đó là vì bạn chưa chọn đúng chế độ mạng cho Docker/Kubernetes. Nhìn hình này là thấy ngay sự khác biệt! 👇

1️⃣ BRIDGE NETWORK – ""Mặc định"" của Docker, dùng cho container trên cùng host
- Cơ chế: Docker tạo một bridge ảo (docker0) trên host. Mỗi container được cấp IP riêng trong mạng bridge. Giao tiếp giữa các container trên cùng host qua bridge, ra ngoài thì NAT qua iptables.

📌 Ví dụ thực tế:
- Bạn chạy docker run -p 8080:80 nginx. Container có IP 172.17.0.2, bạn truy cập localhost:8080, Docker NAT chuyển vào container. Hai container trên cùng host có thể gọi nhau bằng tên (nếu dùng user-defined bridge) hoặc IP.

- Ưu điểm:
✅ Cô lập mạng – container có IP riêng, không xung đột port với host.
✅ Dễ dùng – mặc định, không cần cấu hình.

- Nhược điểm:
❌ NAT overhead – ra ngoài internet phải qua NAT, tăng độ trễ.
❌ Không giao tiếp được xuyên host – chỉ dùng trong một máy.

- Dùng khi: Phát triển local, chạy vài container trên một host, không cần hiệu năng cực cao

2️⃣ HOST NETWORK – ""Cởi áo giáp"" cho tốc độ tối đa
- Cơ chế: Container dùng trực tiếp network stack của máy host. Không có NAT, không có namespace riêng. IP và port của container cũng chính là IP và port của host.

📌 Ví dụ thực tế:
- Bạn chạy Nginx với --net=host. Truy cập http://localhost trực tiếp vào container, không cần map port. Độ trễ gần như không đáng kể.

- Ưu điểm:
✅ Độ trễ thấp nhất – không qua lớp NAT, không encapsulation.
✅ Hiệu suất cao – phù hợp cho ứng dụng yêu cầu throughput lớn (proxy, monitoring agent, database).

- Nhược điểm:
❌ Không có network isolation – container có thể chiếm port của host, dễ xung đột.
❌ Không thể chạy nhiều container cùng port trên một host.

- Dùng khi: Cần hiệu năng cực cao, chạy một container đặc thù (ví dụ: Prometheus node exporter, nginx làm load balancer).

3️⃣ CNI OVERLAY – ""Siêu xa lộ"" cho Kubernetes
- Cơ chế: Tạo một mạng ảo overlay (thường dùng VXLAN) kết nối các node với nhau. Mỗi pod có IP riêng, giao tiếp xuyên node mà không cần NAT. Đây là mạng chính trong Kubernetes (do các CNI như Flannel, Calico, Cilium cung cấp).

📌 Ví dụ thực tế:
- Trong Kubernetes, bạn có 3 node, mỗi node chạy vài pod. Các pod cần gọi API lẫn nhau qua service. CNI overlay đảm bảo chúng nhìn thấy nhau qua mạng ảo.

- Ưu điểm:
✅ Network isolation – mỗi pod có IP riêng, không xung đột.
✅ Cross-node communication – pod ở node này gọi pod ở node khác tự nhiên.
✅ Dễ dàng mở rộng – thêm node là tự động.

- Nhược điểm:
❌ Encapsulation overhead – gói tin phải đóng gói thêm header VXLAN, làm tăng độ trễ và giảm throughput.
❌ Phức tạp hơn – cần cấu hình CNI phù hợp.

- Dùng khi: Chạy Kubernetes, microservices phân tán, cần khả năng scale và cô lập.

II. 🧪 SO SÁNH NHANH
1. Bridge (mặc định) – Cô lập vừa, dễ dùng, chỉ trong một host. Ví dụ: Chạy vài container trên máy local.
2. Host Network – Không cô lập, tốc độ cao nhất, dùng cho container cần hiệu năng tối đa trên một host.
3. CNI Overlay – Cô lập tốt, hỗ trợ đa node, dùng cho Kubernetes và hệ thống phân tán.

III. 🎯 KẾT LUẬN
- Không có ""mạng nào là tốt nhất"" – chỉ có mạng phù hợp với nhu cầu.
- Cần đơn giản, chạy local? → Bridge
- Cần tốc độ tối đa? → Host Network
- Cần scale, microservices phân tán? → CNI Overlay

⭐ P/S: Bạn muốn nắm vững Docker, Kubernetes và kiến trúc mạng container?
👉 Kết nối với Thầy ngay – Mentor 1:1, dạy kèm cá nhân hóa, giúp bạn hiểu sâu và làm thực chiến! 🚀

#Docker #Kubernetes #DevOps #ContainerNetworking #VibeCoding #LapTrinhVien #SinhVienIT #CloudNative",,2026-03-04T00:16:04.885Z,,PUBLISHED,2026-03-30T00:16:04.885Z,,,,
02b88f59-bb74-48cf-bd9d-0c59482bc7ec,ec1e627a-5418-4713-920d-29496f252009,Cat goes for a swim and loves it!,,2026-03-07T00:11:14.426Z,,PUBLISHED,2026-03-30T00:11:14.426Z,,,,
02d5e97e-f9e0-421d-bc0c-ccb54a4db427,65e6c099-cd94-4bd7-865a-0a51dc5156fa,"More than a quarter-century after its launch, Chanel's J12 watch still stands out. ",,2026-03-28T00:12:20.724Z,,PUBLISHED,2026-03-30T00:12:20.724Z,,,,
02db0735-f5ab-4622-b494-ccae9ea0b5ac,65c58780-4703-4009-8925-921f4924b4d7,"Thanh niên lần đầu thấy hàu nướng mỡ hành hàu nướng phô mai múp rụp

#vietnamesefood #xt",,2026-03-04T00:13:00.626Z,,PUBLISHED,2026-03-30T00:13:00.626Z,,,,
02f38c43-04e5-4fbd-96b5-5af4b9bad7a4,65c3ee41-578f-48ba-8572-70f3993e3105,"She thought the stray cat she found was pregnant and about to give birth. But when the vet ran tests, the truth was something completely different.

The swollen belly was caused by FIP — a deadly disease that required daily injections and weeks of careful treatment. Slowly, Prince started getting stronger and his playful personality finally came out.

Now he lives safely at his rescuer's sanctuary, where he spends his days cuddling his best friend Blue and proving just how strong he really is 🧡",,2026-03-11T00:10:58.272Z,,PUBLISHED,2026-03-30T00:10:58.272Z,,,,
0311ab61-b362-4144-aef7-e3e27fd053cf,06339fa5-01b2-495c-8f7d-a40e941ceecf,Chủ tịch Khánh Hòa Trần Phong giữ chức Bí thư Tỉnh ủy,,2026-03-18T00:15:04.278Z,,PUBLISHED,2026-03-30T00:15:04.278Z,,,,
034a3bd1-ce02-4ff4-bb5c-2cbd8af1f396,5a3c02df-6c93-4aae-b63e-f598c32df599,"""I was told in the past that, you know, I had to make a certain amount of money or be smart enough or pretty enough or thin enough or whatever."" https://bit.ly/3P7i25Q",,2026-03-20T00:11:49.084Z,,PUBLISHED,2026-03-30T00:11:49.084Z,,,,
0378ea9e-c549-4f4a-b63d-16d2f8a8e684,da59f15f-d533-46f2-bb1e-fef513f7658b,🇵🇱 A comeback puts Poland one match away from the #FIFAWorldCup.,,2026-03-21T00:16:38.324Z,,PUBLISHED,2026-03-30T00:16:38.324Z,,,,
0392343d-785f-461b-8a6f-e486dc73d115,65c58780-4703-4009-8925-921f4924b4d7,"Chỉ vì thách đố BGK thí sinh thẳng tay bị loại

Chương trình Vua Đầu Bếp do BHD sản xuất tại Việt Nam theo format gốc MasterChef 

#DANET #MasterChefVietnam",,2026-03-17T00:12:41.886Z,,PUBLISHED,2026-03-30T00:12:41.886Z,,,,
03b4357d-51c3-44ff-95c1-f583e0b3dbc9,057c3369-0766-457a-9b06-b8241bbfb888,Which one are you picking? 🎮,,2026-03-17T00:13:33.530Z,,PUBLISHED,2026-03-30T00:13:33.530Z,,,,
03cc5b03-bd26-4bb9-a1be-9a04e50ee635,e5b917f7-e4e9-4cc0-b09a-f84eac91709f,An ancient Italian eruption 💥🔥 #Unearthed,,2026-03-06T00:16:21.782Z,,PUBLISHED,2026-03-30T00:16:21.782Z,,,,
03ce8d78-1fc1-4a5e-9d82-b384873e1caa,1a6f6984-0412-402d-8409-78bad5452cae,Mastodon is redesigning user profiles to simplify the experience and better appeal to mainstream users and organizations.,,2026-03-12T00:16:58.584Z,,PUBLISHED,2026-03-30T00:16:58.584Z,,,,
03daa2b6-b419-47d4-838d-8348703193a7,e6eecc77-6d92-46df-b92d-7ee2391ae019,"AI and robotics' threat to capitalism is coming fast and requires an immediate response, Citi's Jay Collins told BI.

(Credit: Daniel Terna)

#AI #capitalism #banking #robotics",,2026-03-24T00:16:58.388Z,,PUBLISHED,2026-03-30T00:16:58.388Z,,,,
03fe7559-a977-4cb4-9c31-625df6ec1eb0,cd3224bd-214e-416f-a240-a21462850c9a,"Two Chilean Flamingos at the Nashville zoo received custom orthotic braces last month in some pretty cool veterinary advancements. 

Aji and Shorty both suffered similar injuries to their inner-tarsal joint — kind of like an ankle injury. Both of them were a bit unstable and struggling to walk, so with the help of physical therapy and care, caretakers also decided to fit the two flamingos with braces that would help give them support while they walked. 

The braces help keep the joint moving forward and backward as it’s supposed to, and not move side-to-side, which will help them recover!",,2026-03-07T00:10:58.885Z,,PUBLISHED,2026-03-30T00:10:58.885Z,,,,
04055788-36a0-429b-a7c0-b054f44ca1cb,da5067ec-f3ee-4cc9-8111-31d5f71e5ac9,10 người nhưng vẫn “out trình” Brazil – hàng công Pháp đáng sợ đến mức nào?🥶,,2026-03-10T00:16:58.196Z,,PUBLISHED,2026-03-30T00:16:58.196Z,,,,
041256b3-7b5e-4384-8d9d-b3011815f247,a6022d31-7bf8-43d3-a8c6-6470fecff46f,"One Piece qua 3 phiên bản Manga, Anime và Live-action 

Không phụ lòng mong đợi, mùa 2 bản live-action của Netflix đang nhận về hàng loạt phản hồi tích cực, thậm chí nhiều ý kiến còn đánh giá là làm tốt và mãn nhãn hơn cả phần đầu tiên. Mọi người chấm mùa này bao nhiêu điểm?

📸 anime_day_56",,2026-03-19T00:13:50.703Z,,PUBLISHED,2026-03-30T00:13:50.703Z,,,,
042dee13-8b2f-4f1c-ae36-313223f90954,e5b917f7-e4e9-4cc0-b09a-f84eac91709f,The art of going miniature ⛏️✨ #HowItsMade #mini #miniature,,2026-03-04T00:16:21.781Z,,PUBLISHED,2026-03-30T00:16:21.781Z,,,,
045cf7c0-6e63-47c7-a782-065ed72464b5,ecb51e1a-b698-40a0-95d8-2eea6e774ba4,"In the tangled thickets and wetlands of South and Southeast Asia, this shadowy wanderer moves low and slow through dense vegetation. Its deep chestnut wings and long black tail glide between reeds as it searches for insects, small reptiles, and even the occasional nestling. What makes it extraordinary is its secretive presence — more often heard than seen, with a deep, resonant call that echoes through the undergrowth like a distant drum. A dark silhouette in the green maze, yet a quiet sentinel of the hidden wild.

Greater Coucal 👇

#GreaterCoucal #AsiaBirds #HiddenHunter 🐦🌿",,2026-03-18T00:14:48.644Z,,PUBLISHED,2026-03-30T00:14:48.644Z,,,,
04621933-e34b-4de3-bc3e-c2872484b48c,e6eecc77-6d92-46df-b92d-7ee2391ae019,"Meta's latest wave of job cuts follow years of the company pushing to become more efficient and going all in on AI.

(Credit: Getty Imagess)

#Meta #layoffs #techjobs",,2026-03-12T00:16:58.388Z,,PUBLISHED,2026-03-30T00:16:58.388Z,,,,
047671e3-184d-4272-b3ff-bee525b9109e,99b31143-ccb7-4122-a183-d27b9191a3e4,No more Michael Jackson eating KFC videos for us 😭,,2026-03-01T00:13:17.294Z,,PUBLISHED,2026-03-30T00:13:17.294Z,,,,
0478b6a6-4e02-419c-8b2b-742b85270fdf,cd18b325-af17-4a51-899b-d917f57eb898,"Conservatives from across the country are gathering for the 2026 edition of the Conservative Political Action Conference (CPAC), one of the biggest gatherings of right-wing figures and influencers.

Here are some of the biggest questions looming over this year's edition. https://cnn.it/4lTEMT8",,2026-03-21T00:15:26.314Z,,PUBLISHED,2026-03-30T00:15:26.314Z,,,,
048886e0-a690-4b00-aa91-9710982d10ce,cd3224bd-214e-416f-a240-a21462850c9a,He had such an adorable moment trying to teach his puppy how to whistle 😍 https://bit.ly/petcollectivetrending,,2026-03-25T00:10:58.885Z,,PUBLISHED,2026-03-30T00:10:58.885Z,,,,
048a2c84-d7bb-40ce-8ff7-6f511d4e4616,063ce956-10ac-4677-a744-7ad0b829f7a0,Đời nó BẠC 😭,,2026-03-16T00:12:04.870Z,,PUBLISHED,2026-03-30T00:12:04.870Z,,,,
048d77c1-d074-4ba0-b7ca-0211d25aedfe,2be0df6d-8cc8-47c0-8130-21581a18ab30,"Things are getting intense within the society 🔥

#TheSociety2OnJioHotstar",,2026-03-27T00:13:00.830Z,,PUBLISHED,2026-03-30T00:13:00.830Z,,,,
04a5b63e-b36f-4b11-bf06-6759187a6c1a,5a3c02df-6c93-4aae-b63e-f598c32df599,Salvador Dalí’s “Necrophiliac Spring” (1936) will be included in “Schiaparelli: Fashion Becomes Art” at London’s Victoria and Albert Museum (V&A Museum).,,2026-03-25T00:11:49.083Z,,PUBLISHED,2026-03-30T00:11:49.083Z,,,,
04df3f24-ff2d-4e96-a0f6-e68182184dd9,4444b44e-e73f-4588-ac3a-aa7052825c5c,This Instagram Famous Snake is Using his Big Googly Eyes to Help People Overcome Their Fear of Snakes! 🐍🤪,,2026-03-21T00:10:58.076Z,,PUBLISHED,2026-03-30T00:10:58.076Z,,,,
04e3fa94-26e8-4909-9617-de614fe5b7b8,e5b917f7-e4e9-4cc0-b09a-f84eac91709f,Who is the Egyptian God Ra? #Unearthed #Egypt,,2026-03-24T00:16:21.781Z,,PUBLISHED,2026-03-30T00:16:21.781Z,,,,
04ec8d60-a727-47df-b31f-babfd694bca8,56257f1b-41d6-4f2e-9ef2-9195f5117a85,"The Agents of the Four Seasons travel the land, turning the cycle of spring, summer, autumn, and winter with powers granted to them by the gods.

It is their tireless devotion that sustains the turning of the seasons, something most people take for granted.
But after the Agent of Spring, Hinagiku Kayo, is abducted by a terrorist organization and goes missing, spring vanishes from the land of Yamato.

Anime Title: 《Agents of the Four Seasons: Dance of Spring》
📅Starts on March 29, every Sunday at 00:30(GMT+8)

—————————————————
(More information will be updated soon. Stay tuned!)
⚠️ The actual upload time may differ. Please refer to the platform's schedule. ⚠️
—————————————————",,2026-03-24T00:11:30.413Z,,PUBLISHED,2026-03-30T00:11:30.413Z,,,,
04ec99fc-367d-4425-a6b8-9ace170b926a,057c3369-0766-457a-9b06-b8241bbfb888,"Dragon’s Dogma fans are convinced Capcom might be hinting at something bigger, and the anniversary artwork is only adding more fuel to the theory.

Recent reports point to details in the new image, including a note referencing the northern region of Organ, an area mentioned in the lore but still inaccessible in Dragon’s Dogma 2. Fans also noticed a mysterious character among the Maisters, which has sparked fresh expansion speculation.

Capcom still has not confirmed anything, but that has not stopped the community from reading between the lines. Do you think an expansion tease is really there, or are fans reaching this time? 🐉",,2026-03-01T00:13:33.530Z,,PUBLISHED,2026-03-30T00:13:33.530Z,,,,
050c16a2-d709-47bf-8da2-192a5f0d9a7e,af30b1ab-da9a-42a8-b220-576007dd082b,"If you think about refactoring your codebase, what comes to mind? Fear? Annoyance? A sense of overwhelm? Well, don't worry - here, Ankur walks you through some helpful ways to refactor complex codebases. You'll learn about isolating issues, breaking down monolithic code, testing, and lots more.
https://www.freecodecamp.org/news/how-to-refactor-complex-codebases/",,2026-03-30T00:16:04.676Z,,PUBLISHED,2026-03-30T00:16:04.676Z,,,,
0513eab6-d890-4e21-872e-c5e5078a3017,d77e34f7-4fb7-4847-9876-d7e52dbc0739,"When it comes to making a Snowball Earth, geology is slow, but science fiction prefers to move quickly. 
",,2026-03-28T00:16:22.181Z,,PUBLISHED,2026-03-30T00:16:22.181Z,,,,
0515cabf-42a7-4cf9-a16c-c271e3f273fe,7cbd37a4-3374-4291-bd6d-b2474273342a,"The Number 1 Hero! 👊🔥

Anime: My Hero Academia: Vigilantes Season 2",,2026-03-17T00:11:14.626Z,,PUBLISHED,2026-03-30T00:11:14.626Z,,,,
05293d8c-249e-449e-9ded-ec3c9816fb31,e8d1164d-ee22-4eba-a810-d920f32c6091,DANCING VILLAGER IN MINECRAFT 💀 #shorts #minecraft #minecraftmemes #minecraftbuilds #minecraftpe #minecraftmods,,2026-03-14T00:13:33.318Z,,PUBLISHED,2026-03-30T00:13:33.318Z,,,,
0538dad7-c3aa-429b-ae79-d4a2598186a3,06339fa5-01b2-495c-8f7d-a40e941ceecf,"Giá xăng giảm hơn 5.600 đồng một lít 
#VnExpress",,2026-03-22T00:15:04.280Z,,PUBLISHED,2026-03-30T00:15:04.280Z,,,,
05497eff-3928-4e6d-a2f6-fdb90ce9d560,5a3c02df-6c93-4aae-b63e-f598c32df599,Experts weigh in on what collectors need to know about buying large wall art.,,2026-03-06T00:11:30.613Z,,PUBLISHED,2026-03-30T00:11:30.613Z,,,,
056181d5-f9ff-4df2-9f7f-91722a5b53a0,ecb51e1a-b698-40a0-95d8-2eea6e774ba4,Uber fish 🐟,,2026-03-30T00:14:48.645Z,,PUBLISHED,2026-03-30T00:14:48.645Z,,,,
05976ff9-6ec0-4b22-88f2-b41fb27b4c91,f9bb992c-f613-4e52-8d15-905f35113610,"🔥“BTS WORLD TOUR ARIRANG - LIVE VIEWING “ CHÍNH THỨC CÓ MẶT TẠI VIỆT NAMMM
💜 PHÁT SÓNG TRỰC TIẾP ĐẾN MÀN ẢNH RỘNG, 2 BUỔI CONCERT NÀY PHẢI QUẨY CHÁY LÊN THÔI 

Nhất định đừng bỏ lỡ “BTS WORLD TOUR ‘ARIRANG’ IN GOYANG: LIVE VIEWING” và  “BTS WORLD TOUR ‘ARIRANG’ IN TOKYO: LIVE VIEWING để cùng đắm chìm trong biển BOMB và hòa chung nhịp tim với hàng triệu ARMY trên màn ảnh rộng tại các cụm rạp trên toàn thế giới!

Không bây giờ thì bao giờ, bao năm manifest giờ đã có cơ hội quẩy hết mình TRONG CONCERT ĐÁNH DẤU SỰ TRỞ LẠI GÂY BÙNG NỔ CỦA BTS VỚI ĐẦY ĐỦ 7 THÀNH VIÊN ngay tại rạp Việt.

Sẵn sàng cháy hết mình với 4 buổi live cực đại:
🔥 BTS WORLD TOUR ‘ARIRANG’ IN GOYANG: LIVE - PHÁT SÓNG TRỰC TIẾP
🗓️  SUẤT 16:45 - THỨ BẢY, NGÀY 11 THÁNG 4

BTS WORLD TOUR ‘ARIRANG’ IN GOYANG: REBROADCAST - PHÁT LẠI
🗓️ SUẤT 16:45 - CHỦ NHẬT, NGÀY 12 THÁNG 4

🔥BTS WORLD TOUR ‘ARIRANG’ IN TOKYO: LIVE - PHÁT SÓNG TRỰC TIẾP
🗓️  SUẤT 12:45  - THỨ BẢY, NGÀY 18 THÁNG 4

BTS WORLD TOUR ‘ARIRANG’ IN TOKYO: REBROADCAST - PHÁT LẠI
🗓️ SUẤT 16:30 - THỨ BẢY, NGÀY 18 THÁNG 4

THÔNG TIN CHI TIẾT VỀ VÉ & DANH SÁCH RẠP CÓ  SUẤT CHIẾU LIVE VIEWING   “BTS WORLD TOUR ARIRANG “ SẼ ĐƯỢC CẬP NHẬT CỤ THỂ ĐẾN KHÁN GIẢ VÀO CUỐI THÁNG 3/2026.

HẸN CÁC CHINGU TẠI LIVE VIEWING MÌNH GẶP NHAU NHÉ! 

#BTS #BTSWORLDTOURARIRANG #ARIRANG #방탄소년단 #GalaxyStudio",,2026-03-01T00:14:11.606Z,,PUBLISHED,2026-03-30T00:14:11.606Z,,,,
059d457d-b2eb-4102-88a6-75a96e0f0b09,057c3369-0766-457a-9b06-b8241bbfb888,"Resident Evil fans have been waiting years for a proper Code: Veronica comeback, and this new rumor is exactly the kind of update that gets the community talking. A recent report claims the project is being led by Kazunori Kadoi and Yasuhiro Anpo, the same directors tied to the Resident Evil 2 and Resident Evil 4 remakes.

That is a huge detail because those two remakes helped define Capcom’s modern approach to Resident Evil, blending updated combat, stronger pacing, and a more polished horror presentation. There have also been separate reports claiming Code: Veronica is deep in development and could be announced in 2026 before a possible 2027 release, though all of that is still based on reports and insider claims rather than an official reveal from Capcom.

If this rumor ends up being real, Code: Veronica could easily become one of the most anticipated Resident Evil projects in years. Do you want Capcom to remake Code: Veronica next, or would you rather see another Resident Evil game get that treatment first? 🧟",,2026-03-09T00:13:33.530Z,,PUBLISHED,2026-03-30T00:13:33.530Z,,,,
05e6f779-06ad-4c67-a3b6-8f14e20dce8b,063ce956-10ac-4677-a744-7ad0b829f7a0,"Từ 24 giờ ngày 26/3/2026 đến hết ngày 15/4/2026, mức thuế bảo vệ môi trường đối với xăng (trừ etanol), dầu diezel và nhiên liệu bay là 0 đồng/lít. Xăng, dầu diezel và nhiên liệu bay thuộc đối tượng không phải kê khai, tính nộp thuế giá trị gia tăng nhưng được khấu trừ thuế giá trị gia tăng đầu vào. Mức thuế suất thuế tiêu thụ đặc biệt đối với xăng các loại là 0%.",,2026-03-30T00:12:04.870Z,,PUBLISHED,2026-03-30T00:12:04.870Z,,,,
05e817e0-9279-4698-abcf-906cdc60c291,56257f1b-41d6-4f2e-9ef2-9195f5117a85,"CRUNCHYROLL BỊ KIỆN TẬP THỂ TRƯỚC CÁO BUỘC RÒ RỈ THÓI QUEN VÀ LỊCH SỬ XEM ANIME CỦA HÀNG TRIỆU NGƯỜI DÙNG CHO BÊN THỨ 3

Vào ngày hôm qua, ""ông lớn"" trong làng phát trực tuyến anime toàn cầu, Crunchyroll, đã chính thức bị cuốn vào một vụ kiện tập thể mới với cáo buộc vi phạm nghiêm trọng Đạo luật Bảo vệ Quyền riêng tư Video (VPPA).

Theo đơn kiện, Crunchyroll bị cáo buộc đã cố tình chia sẻ thông tin cá nhân của người dùng cho bên thứ ba mà không có sự đồng ý của họ bao gồm địa chỉ email, mã nhận dạng thiết bị và tên các bộ anime mà người dùng theo dõi.

Hành động này bị đánh giá là ""đặc biệt nghiêm trọng"" bởi Crunchyroll vốn đã từng phải chi trả 16 triệu USD để dàn xếp một vụ kiện tương tự vào năm 2023.

Trọng tâm của vụ kiện xoay quanh việc ứng dụng Crunchyroll tích hợp bộ công cụ phát triển phần mềm (SDK) của Braze – một công ty tiếp thị chuyên hỗ trợ gửi thông báo và chiến dịch email. 

Nguyên đơn lập luận rằng kể từ ít nhất là năm 2022, Crunchyroll đã chuyển giao thông tin chi tiết về từng phiên xem của người dùng, từ tên phim đến cả số tập cụ thể cho Braze.

Mục đích của việc chia sẻ này được cho là để phục vụ các chiến dịch quảng cáo mục tiêu dựa trên thói quen xem phim. Thậm chí là xây dựng hồ sơ toàn diện về hành vi cá nhân của người dùng theo thời gian.

Theo đó, các hành vi xây dựng như trên đã bị Đạo luật VPPA nghiêm cấm trừ khi có sự đồng ý bằng văn bản của người tiêu dùng hoặc theo lệnh của tòa án.

Với nền tảng có hơn 17 triệu thuê bao và 130 triệu người dùng đăng ký, hệ lụy từ vụ kiện này là rất lớn. Các nguyên đơn hiện đang tìm cách đại diện cho hai nhóm khách hàng tại Mỹ, bao gồm cả người trưởng thành và trẻ vị thành niên đã bị tiết lộ thông tin cho Braze.

Về mặt bồi thường, phía nguyên đơn đang yêu cầu mức phạt 2.500 USD cho mỗi vi phạm VPPA, cùng các chi phí pháp lý và bồi thường thiệt hại trừng phạt nhằm ngăn chặn các hành vi tương tự trong tương lai.

Hiện tại, Crunchyroll vẫn chưa đưa ra phản hồi chính thức về vụ kiện cũng như các yêu cầu bình luận từ giới truyền thông.

Nguồn: Anime Corner via TAIHEN.
#taihennet #taihenvn",,2026-03-21T00:11:30.414Z,,PUBLISHED,2026-03-30T00:11:30.414Z,,,,
05f0f445-bb97-4330-8c59-6a5bc98477f7,06339fa5-01b2-495c-8f7d-a40e941ceecf,"Iran nêu tên 5 quốc gia ‘thân thiện’ được phép đi qua eo biển Hormuz:
- Trung Quốc
- Nga
- Ấn Độ
- Iraq 
- Pakistan

#Thếgiới",,2026-03-07T00:15:04.280Z,,PUBLISHED,2026-03-30T00:15:04.280Z,,,,
05f1ef05-c65d-45c1-8d03-00085ae5326c,1a6f6984-0412-402d-8409-78bad5452cae,"When you’re building at breakneck speed, hiring a trusted team is crucial for an early-stage startup. Bland CEO and co-founder Isaiah Granet has tactical advice on how the company managed to find hidden talent in unlikely places.",,2026-03-26T00:17:15.308Z,,PUBLISHED,2026-03-30T00:17:15.308Z,,,,
05f4e9a4-c56b-4db0-b9bd-46cb30b4cb1b,65e6c099-cd94-4bd7-865a-0a51dc5156fa,"Zazie Beetz hit a major milestone with her role in the upcoming horror film They Will Kill You. “I’ve never been the true lead of a movie,"" says the actor. ""That’s a really important position on-set.” 🎥✨

🔗 Learn more in her FASHION cover story: https://bit.ly/4sTaAtB",,2026-03-18T00:12:20.723Z,,PUBLISHED,2026-03-30T00:12:20.723Z,,,,
0608dedb-e40d-44c9-9276-7be2b7b45dc7,2511bcf1-0466-4d80-b869-d52e723331aa,😳,,2026-03-19T00:16:37.929Z,,PUBLISHED,2026-03-30T00:16:37.929Z,,,,
0618fb57-b5f4-4061-a83d-7fa8f282b701,65c58780-4703-4009-8925-921f4924b4d7,"Gây thù chuốc oán với Leslie và cái kết bị lấy đi máy cán bột

Đón xem Vua Đầu Bếp Mỹ - Master Chef có bản quyền chính thức tại DANET - Dịch vụ cung cấp nội dung theo yêu cầu của BHD

#MasterchefUS #MasterChef #VuaDauBep",,2026-03-08T00:12:41.886Z,,PUBLISHED,2026-03-30T00:12:41.886Z,,,,
061f315b-bb89-464e-b78a-074b671eea0e,56257f1b-41d6-4f2e-9ef2-9195f5117a85,"Chỉ mới phát hành vào ngày 10 tháng 3, nhưng mùa thứ 3 của live-action One Piece đang trở thành hiện tượng toàn cầu.

Đến nay, bộ phim đã nhanh chóng dẫn đầu chương trình được xem nhiều nhất trên Netflix, đồng thời có điểm số trung bình rất cao trên IMDB và 100% điểm trên Rotten Tomatoes.

#taihennet #taihenvn",,2026-03-01T00:11:30.414Z,,PUBLISHED,2026-03-30T00:11:30.414Z,,,,
063ccfca-cddb-4839-82b3-e98919ba7f68,0eaf3dab-44d0-4bc9-a5ad-7ef101236200,"📬 OUTBOX PATTERN – ""CỨU TINH"" CHO MICROSERVICES KHỎI MẤT MÁT DỮ LIỆU! 🚀

Bạn gặp vấn đề: Lưu user vào database xong, gửi message lên Kafka/RabbitMQ lại fail → dữ liệu lệch, khách mất đơn hàng?
Outbox Pattern ra đời để giải quyết triệt để!

I. 🔁 LUỒNG HOẠT ĐỘNG
1️⃣ API request tạo user

2️⃣ Database transaction gồm 2 việc:
- Lưu user vào Users Table
- Lưu message vào Outbox Table (cùng transaction)

3️⃣ Worker process chạy ngầm, liên tục poll Outbox Table

4️⃣ Worker publish message lên Message Broker (RabbitMQ, Kafka...)

5️⃣ Consumer Service nhận message, xử lý, ghi vào Processed Messages DB để tránh trùng lặp

II. 🎯 TẠI SAO CẦN OUTBOX?
✅ Atomic: Ghi user và message trong cùng một transaction – nếu gửi message fail, user cũng không được tạo.
✅ Durable: Message nằm trong DB nên không bao giờ mất, worker sẽ gửi lại khi broker khỏe.
✅ Idempotent Consumer: Nhờ Processed Messages DB, message có thể được gửi lại nhiều lần nhưng chỉ xử lý một lần.
✅ Decoupling: Service không cần đợi broker, chỉ cần ghi DB là xong.

III. 💡 VÍ DỤ THỰC TẾ
Bạn đặt hàng trên Shopee:
- Lưu đơn hàng vào DB
- Gửi message ""đã có đơn mới"" cho kho, cho email, cho analytics
- Nếu không có Outbox, khi gửi message fail, đơn hàng vẫn lưu → kho không biết để chuẩn bị hàng → khách chờ hoài.
- Có Outbox, message nằm chắc trong DB, worker sẽ gửi lại đến khi thành công → mọi thứ đồng bộ.

IV. 🛠️ IMPLEMENT ĐƠN GIẢN
- Outbox Table: id, aggregate_id, event_type, payload, created_at, status (pending/sent)
- Worker: chạy cron hoặc background job, query các message pending, publish lên broker, update status.
- Consumer: nhận message, kiểm tra trong Processed Messages (dùng idempotency key), nếu chưa xử lý thì xử lý và lưu lại.

V. 🎁 KẾT LUẬN
- Outbox Pattern là best practice cho bất kỳ hệ thống microservices nào cần gửi message sau khi ghi DB.
Nó đảm bảo:
✅ Consistency giữa DB và message
✅ Reliability – không mất message
✅ Scalability – worker có thể scale ngang

👉 Áp dụng ngay để tránh những cơn đau đầu vì dữ liệu không đồng bộ!

⭐ P/S: Bạn muốn nắm vững microservices, message queue và các pattern thực chiến?
👉 Kết nối với Thầy ngay – Mentor 1:1, dạy kèm cá nhân hóa, giúp bạn hiểu sâu và làm chủ công nghệ! 🚀

#OutboxPattern #Microservices #MessageQueue #RabbitMQ #Kafka #SystemDesign #Backend #SinhvienIT",,2026-03-09T00:16:04.885Z,,PUBLISHED,2026-03-30T00:16:04.885Z,,,,
064427c6-0199-4fab-a51e-b2b0715c5778,65c58780-4703-4009-8925-921f4924b4d7,Raclette with cheese made right in the Swiss Alps 😲 Add Stalla - Alp Nagens at LAAX to your bucket list! #FoodNetworkFinds,,2026-03-18T00:12:41.885Z,,PUBLISHED,2026-03-30T00:12:41.885Z,,,,
0681f64d-4436-4d06-a490-484d49ef1136,0e3444b0-651e-4117-b47b-817069dec9e7,"100 days to go until the 1,000th FIFA World Cup match 📆🏆

Tunisia and Japan will make history when they contest this landmark fixture at the iconic Monterrey Stadium in Mexico on June 20.",,2026-03-04T00:16:38.129Z,,PUBLISHED,2026-03-30T00:16:38.129Z,,,,
06b119f8-5ea5-4daf-97f4-dd3b634ef079,7cbd37a4-3374-4291-bd6d-b2474273342a,"NEWS: ""Frieren: Beyond Journey's End"" Season 2 - Finale Preview!

Episode 10 ""A Beautiful Sight"" will premiere on Friday, March 27 (Studio: MADHOUSE).",,2026-03-11T00:11:14.626Z,,PUBLISHED,2026-03-30T00:11:14.626Z,,,,
06cf2fa4-4f00-45fd-b2f2-5556490fede0,06339fa5-01b2-495c-8f7d-a40e941ceecf,"THƯỢNG ÚY VIỆT LẤY BẰNG TIẾN SĨ TRƯỜNG QUÂN SỰ LỚN NHẤT NHẬT BẢN

""Mình hy vọng có thể ứng dụng những kiến thức, kỹ năng học hỏi được ở Nhật vào thực tế công tác"", Bình chia sẻ",,2026-03-19T00:15:04.278Z,,PUBLISHED,2026-03-30T00:15:04.278Z,,,,
06d49bd6-3036-4dd3-a4ab-8cef9e085f62,99b31143-ccb7-4122-a183-d27b9191a3e4,the new footage changed the whole scenario,,2026-03-27T00:13:17.293Z,,PUBLISHED,2026-03-30T00:13:17.293Z,,,,
06d6f5cb-0298-43db-ba7e-0cd265032995,fd5b4d2b-1788-4bac-a8c6-2d738376737c,Mother. Knows. Best. 👏🪞 https://imdb.visitlink.me/8ha41F,,2026-03-19T00:13:50.911Z,,PUBLISHED,2026-03-30T00:13:50.911Z,,,,
06db628c-031e-4fb2-b3cb-29ba94416864,2b9222fa-bd4b-4cfe-a301-f8e31cde883a,"Mé bả slay ác 💅💅 🔥🔥

#GhienAmNhac #rap #music #DojaCat #MyThuan #PhapKieu #rapviet #DEMONS",,2026-03-15T00:14:11.811Z,,PUBLISHED,2026-03-30T00:14:11.811Z,,,,
074589fa-5972-4403-974b-01e21baaaf8b,5a3c02df-6c93-4aae-b63e-f598c32df599,"Thirty-six years after his death, Keith Haring's pop art is arguably more popular than ever.",,2026-03-25T00:11:49.084Z,,PUBLISHED,2026-03-30T00:11:49.084Z,,,,
074ea42b-46f0-4343-ae6c-d2a742c8dc6f,2be0df6d-8cc8-47c0-8130-21581a18ab30,(No text content),,2026-03-24T00:13:00.830Z,,PUBLISHED,2026-03-30T00:13:00.830Z,,,,
0768a2ba-2686-4ca8-ab22-9b8b12341c70,cd18b325-af17-4a51-899b-d917f57eb898,Multiple sources have told the BBC they intend to invoke little-used parliamentary procedures to force a vote in the coming months.,,2026-03-27T00:15:26.313Z,,PUBLISHED,2026-03-30T00:15:26.313Z,,,,
076e9763-e498-4f5a-80e6-fc058e84bb5b,ec1e627a-5418-4713-920d-29496f252009,Brave Heroes Rescue Dog from Floodwaters ❤️,,2026-03-09T00:11:14.426Z,,PUBLISHED,2026-03-30T00:11:14.426Z,,,,
07768502-e92c-47e8-8a36-9dfb1643b9a1,063ce956-10ac-4677-a744-7ad0b829f7a0,"Ông Nguyễn Văn Nghĩa đăng ký bán 2 triệu cp TCM ngay sau khi bị công ty chứng khoán thông báo bán giải chấp, trong bối cảnh thị giá TCM đã giảm mạnh về vùng thấp nhất hơn 5 năm.",,2026-03-02T00:12:04.870Z,,PUBLISHED,2026-03-30T00:12:04.870Z,,,,
07794743-8788-4bd7-be82-3ab37738cd8a,7cbd37a4-3374-4291-bd6d-b2474273342a,"Kinoshita Kazuya hopes to take his relationship with Mizuhara Chizuru, to the next level.

Rent-a-Girlfriend Season 5 is coming to Crunchyroll this April!",,2026-03-22T00:11:14.626Z,,PUBLISHED,2026-03-30T00:11:14.626Z,,,,
0782bad8-536c-46a8-a6d8-6d076fdeaae7,a6f43c21-de9d-4c11-b41d-c22d63b8579f,"CUBA 2026: KHÚC QUANH SINH TỬ VÀ “CHÌA KHÓA” KIỀU BÀO

Trước cơn bão “Oil blockade” khiến điện lưới tê liệt, Havana vừa thực hiện cú “đánh lái” lịch sử. Phó Thủ tướng Oscar Pérez-Oliva Fraga tuyên bố gỡ bỏ mọi rào cản, mở toang cửa đón dòng vốn từ cộng đồng người Cuba tại Mỹ. Đây là sự thừa nhận thực tế quyết liệt: Để cứu nền kinh tế đang nghẹt thở, Cuba buộc phải tìm kiếm nguồn lực từ chính những người con xa xứ.

Sự chuyển dịch này biến hơn 2,9 triệu người Mỹ gốc Cuba tại Miami từ đối trọng chính trị thành “đối tác chiến lược”. Với thu nhập vượt trội và tư duy quản trị hiện đại, đây là những người đang nắm giữ chìa khóa để hồi sinh hạ tầng từ điện mặt trời đến logistics. Việc cho phép kiều dân sở hữu doanh nghiệp tư nhân là bước ngoặt tư duy mạnh mẽ nhất kể từ năm 1959, ưu tiên sự sinh tồn của dân tộc lên trên những ranh giới cũ.

Trong khúc quanh này, Cuba tìm thấy lời giải thực chứng từ “Mô hình Việt Nam”. Thành công của các dự án lúa gạo Việt Nam với năng suất gấp 4 lần nhờ cơ chế “quyền dụng ích” (thuê đất, giữ chủ quyền) đã trở thành kim chỉ nam. 

Havana kỳ vọng tái lập kỳ tích này để hiện thực hóa tham vọng trở thành một “Singapore vùng Caribbean”, nơi dòng máu nóng của kiều bào thúc đẩy tăng trưởng thần tốc.

Tuy nhiên, “điểm nghẽn” vẫn là lòng tin. Để dòng vốn Florida thực sự chảy về, Havana cần những cam kết pháp lý thép về bảo hộ tài sản nhằm xóa bỏ bóng ma quá khứ, đồng thời xuyên thủng bức tường trừng phạt từ chính quyền TT Trump. 

Lịch sử đang trao cho Cuba cơ hội vàng; nếu những lời mời gọi được cụ thể hóa bằng khung pháp lý minh bạch như cách Việt Nam đã làm, sự kết hợp giữa nội lực đảo quốc và tiềm lực kiều bào sẽ mở ra một chương mới huy hoàng.

#ccnnews #chinhtrivietnam #tinnoichinh #cuba #vietnamcuba",,2026-03-27T00:15:44.196Z,,PUBLISHED,2026-03-30T00:15:44.196Z,,,,
07b97d06-eefb-4e70-b158-d01766ea6d00,063ce956-10ac-4677-a744-7ad0b829f7a0,DẦU THẾ GIỚI TĂNG SỐC: Dầu Brent tiệm cận 110$/thùng,,2026-03-13T00:12:20.517Z,,PUBLISHED,2026-03-30T00:12:20.517Z,,,,
07f56fe7-0ab8-49a1-bb5d-5a16068dc244,4444b44e-e73f-4588-ac3a-aa7052825c5c,Happy Dr. Tom Tuesday! 🤩 Today Dr. Tom meets a new nervous patient with a few tricks up his sleeve! 😉👊,,2026-03-28T00:10:58.076Z,,PUBLISHED,2026-03-30T00:10:58.076Z,,,,
07fccb3a-ad89-4973-8709-4a694582803c,ec1e627a-5418-4713-920d-29496f252009,Learn how to deceive goats from attacking in this fun way!,,2026-03-14T00:11:14.426Z,,PUBLISHED,2026-03-30T00:11:14.426Z,,,,
081216ad-8590-46d9-a8de-3c130283bc92,fd5b4d2b-1788-4bac-a8c6-2d738376737c,New Photos | #Michaelmovie - in theaters and IMAX April 24. 🎬 https://movief.one/michael,,2026-03-06T00:13:50.910Z,,PUBLISHED,2026-03-30T00:13:50.910Z,,,,
08372e85-b2d4-48ef-949e-377ecf472fbb,057c3369-0766-457a-9b06-b8241bbfb888,"A possible Xbox and Netflix partnership would make a lot of sense in the current moment, because both companies are already pushing far beyond their original lanes. Netflix has been expanding deeper into games and interactive experiences, while Xbox keeps broadening its reach through cloud, TV apps, and entertainment tie-ins.

There is also already a clear bridge between the two brands through Gears of War. Netflix officially announced a live-action Gears movie and an animated series, and later confirmed that Jon Spaihts was tapped to write the film adaptation. That means Xbox and Netflix are not starting from zero here, which is why any report about a bigger collaboration instantly feels more believable to fans.

Nothing major has been officially confirmed about a broader Xbox-Netflix entertainment deal yet, so this is still firmly in rumor territory for now. But if it does happen, it could open the door to a much bigger crossover between gaming, streaming, and major Xbox franchises. Would you want to see Xbox and Netflix team up in a bigger way, or should they keep things limited to select projects? 🍿",,2026-03-08T00:13:33.531Z,,PUBLISHED,2026-03-30T00:13:33.531Z,,,,
0862a0f1-5d25-4b8b-a932-65bcf9891be6,2511bcf1-0466-4d80-b869-d52e723331aa,2022: Chukwueze sends Villarreal through to the semi-finals 💛,,2026-03-15T00:16:37.929Z,,PUBLISHED,2026-03-30T00:16:37.929Z,,,,
088d83e6-2df0-4bef-bca0-8b259c7bb3f7,e5b917f7-e4e9-4cc0-b09a-f84eac91709f,Legend of the king of the Earth 👑🌏 #Unearthed #legend #king,,2026-03-10T00:16:21.781Z,,PUBLISHED,2026-03-30T00:16:21.781Z,,,,
08901376-2941-4b12-bef4-13a8eac16545,d7497b01-a9a0-4cd7-8999-666a8ca37779,"Nghe đồn làm freelance là một công việc ""như mơ"", được tự mình làm chủ. Thực hư câu chuyện đó là như thế nào? #tingting",,2026-03-18T00:12:04.666Z,,PUBLISHED,2026-03-30T00:12:04.666Z,,,,
08bc25e5-735b-401b-8e19-3bb6ef9ad8df,06339fa5-01b2-495c-8f7d-a40e941ceecf,HĐND tỉnh Thanh Hóa bầu Chủ tịch mới sau 6 tháng khuyết vị trí,,2026-03-23T00:15:04.278Z,,PUBLISHED,2026-03-30T00:15:04.278Z,,,,
08cef749-8657-4428-bb24-908180ac3e90,e80c9d9f-94e9-46db-85a6-1a3fd705818b,"[ĐĂNG KÝ CO-STREAM LCP 2026]
Trở thành co-streamer chính thức của LCP bằng cách điền link đăng ký:
👉 riot.com/LCPCostreamers

Tag ngay người mà bạn muốn họ xem LCP chung bên dưới 👇",,2026-03-12T00:13:17.514Z,,PUBLISHED,2026-03-30T00:13:17.514Z,,,,
08f9afc1-61f8-43ec-8f84-2882554d07b8,4bc7eff0-091a-45f8-84ca-72276cc4fc1e,"❤️ Ở Việt Nam, ra ngõ gặp anh hùng  
✨""Tướng quân kem nền""?",,2026-03-26T00:15:25.605Z,,PUBLISHED,2026-03-30T00:15:25.605Z,,,,
091a8fdb-8343-4b95-8c14-8e7cc11ecf67,04611aaa-eca4-4f8c-a8be-e078953d5ea7,The internet was weeks away from disaster... and no one knew,,2026-03-01T00:16:37.701Z,,PUBLISHED,2026-03-30T00:16:37.701Z,,,,
095aa458-a2bd-4e3e-8fdc-0fa96d49b41a,0eaf3dab-44d0-4bc9-a5ad-7ef101236200,"📋 [ VIBE CODE ] TỪ ""KHÔNG BIẾT GÌ"" ĐẾN ""RA SẢN PHẨM"" CHỈ VỚI 9 BƯỚC – QUY TRÌNH CƠ BẢN AI CŨNG LÀM ĐƯỢC! 📱

Bạn có ý tưởng nhưng không biết bắt đầu từ đâu? Đây là quy trình 9 bước cơ bản nhất, phù hợp cho người mới bắt đầu hoặc những ai muốn hiểu tổng quan về cách xây dựng một ứng dụng web/app. 👇

📹 Xem video hướng dẫn chi tiết: facebook.com/reel/1365848692014006

I. 📋 9 BƯỚC PHÁT TRIỂN CƠ BẢN

1️⃣ Lập kế hoạch & Nghiên cứu
- Dùng Word/Excel để phác thảo ý tưởng, tính năng, đối tượng người dùng.
- Xác định mục tiêu và phạm vi dự án.

2️⃣ Tạo file README.md (với sự hỗ trợ của AI)
- Sử dụng ChatGPT, Gemini... để viết mô tả dự án, hướng dẫn cài đặt, công nghệ sử dụng.
- README là file rất tốt để đưa cho các AI để đọc hiểu plan.

3️⃣ Khởi tạo thư mục gốc
- Tạo cấu trúc thư mục: FE (Frontend) và BE (Backend) riêng biệt.

4️⃣ Chọn Stack Công Nghệ
- Frontend (FE): React, Vue, Angular hoặc HTML/CSS/JS thuần (tùy sở thích).
- Backend (BE): Node.js, Python (Django/Flask), PHP (Laravel)... hoặc các giải pháp ""all-in-one"" như Firebase.

5️⃣ Bắt đầu với Frontend (FE)
- Xây dựng cấu trúc UI/UX, tạo dummy data để test giao diện.
- Mục tiêu: 70% hoàn thiện giao diện trước khi kết nối backend.

6️⃣ Bắt đầu với Backend (BE)
- Thiết kế cấu trúc database, viết API (REST/GraphQL) và tài liệu Swagger.
- Ví dụ: GET /api/tasks, POST /api/tasks...

7️⃣ Tích hợp FE & BE
- Kết nối frontend với backend qua API.
- Lúc này bạn đã có 1 sản phẩm hoàn chỉnh (dù còn lỗi).

8️⃣ Kiểm tra & Sửa Lỗi (Testing)
- Test toàn bộ tính năng, ghi chú lỗi vào README.md.
- Sửa lỗi cho đến khi 100% hoàn thành.

9️⃣ Bàn Giao & Triển Khai (Level 2)
- Push code lên GitHub.
- Thiết lập CI/CD Pipelines, đóng gói với Docker, đẩy lên Dockerhub.
- Deploy lên VPS, gắn domain – chính thức ra mắt!

II. 🎯 LỜI KHUYÊN CHO NGƯỜI MỚI
✅ Bắt đầu từ nhỏ: Đừng tham lam làm quá nhiều tính năng ngay từ đầu.
✅ Sử dụng AI hỗ trợ: ChatGPT, Gemini giúp bạn viết code, debug, tạo tài liệu nhanh hơn.
✅ Học vibe coding: Xem video để hiểu cách ""giao tiếp"" với AI, biến ý tưởng thành sản phẩm dù không rành code.

👉 Bạn đã sẵn sàng thử chưa? Comment bên dưới nếu có thắc mắc hoặc cần hỗ trợ thêm nhé! 👇

⭐ P/S: Bạn muốn nắm vững quy trình phát triển phần mềm, từ ý tưởng đến triển khai, có mentor hướng dẫn 1:1?
👉 Kết nối với Thầy ngay – dạy kèm cá nhân hóa, giúp bạn đi đúng hướng và tiến bộ nhanh nhất! 🚀

#VibeCoding #AICoding #NoCode #LowCode #LapTrinhVien #SinhVienIT #AppDevelopment #SoftwareEngineering",,2026-03-07T00:16:04.886Z,,PUBLISHED,2026-03-30T00:16:04.886Z,,,,
098fe85b-1e99-4da8-a524-e715c78b312e,5a3c02df-6c93-4aae-b63e-f598c32df599,Learn Ancient Greek in 118 Free Lessons: A Free Online Course from Brandeis & Harvard,,2026-03-04T00:11:49.083Z,,PUBLISHED,2026-03-30T00:11:49.083Z,,,,
0992a570-3711-4235-9c32-64101cba6049,063ce956-10ac-4677-a744-7ad0b829f7a0,Nhiều công an xuất hiện tại hai cửa hàng vàng Bảo Tín Minh Châu,,2026-03-14T00:12:04.870Z,,PUBLISHED,2026-03-30T00:12:04.870Z,,,,
09bfdeec-1016-40b6-b6e6-b95c8e549924,d7497b01-a9a0-4cd7-8999-666a8ca37779,"Với những quy định mới, hoạt động quảng cáo trên môi trường số, đặc biệt là với các KOL, influencer hay reviewer, sẽ không còn là câu chuyện “nói gì cũng được” như trước đây. Mỗi nội dung được đăng tải, mỗi lời giới thiệu về sản phẩm, đều sẽ đi kèm với trách nhiệm cụ thể

—
🕰️ 21:00 | 26/03/2026
🎬 Điểm chạm Chính sách
📺 Fanpage & YouTube: VTV Index, Điểm chạm Chính sách, VTV24, VTVgo
#vtvindex #vtvdigital #diemchamchinhsach",,2026-03-08T00:12:04.666Z,,PUBLISHED,2026-03-30T00:12:04.666Z,,,,
09c6fb53-f096-4ed0-8c5c-b4ba23c725c4,063ce956-10ac-4677-a744-7ad0b829f7a0,"📣 Chiều nay đừng quên hẹn cùng Vietstock LIVE #24!

📊 “Đọc vị” kế hoạch doanh nghiệp mùa ĐHĐCĐ - Cơ hội hay rủi ro?
🎥 Lên sóng lúc 15h00 - Thứ Sáu, 27/03/2026 trên Fanpage & YouTube Vietstock

Mùa ĐHĐCĐ đã cận kề - đây chính là lúc nhà đầu tư cần “soi kỹ” từng kế hoạch kinh doanh, chiến lược và định hướng của doanh nghiệp cho năm 2026. Nhưng giữa rất nhiều con số, đâu là cơ hội thật sự, đâu là kỳ vọng cần thận trọng?

💡 Trong số phát sóng chiều nay, các chuyên gia sẽ giúp bạn:
• Nhận diện mục tiêu tăng trưởng của doanh nghiệp có thực tế hay không
• Đánh giá tính khả thi của kế hoạch lợi nhuận
• Hiểu rõ tác động từ cổ tức, phát hành, M&A đến giá trị cổ đông
• Phát hiện những “tín hiệu ẩn” quan trọng trong tài liệu ĐHĐCĐ

🎙️ Với sự tham gia của:
• Ông Nguyễn Quang Minh - CMT Charterholder, Thành viên Hiệp hội PTKT Hoa Kỳ (MTA), Giám đốc Khối Nghiên cứu Vietstock 
• Ông Nguyễn Lê Ngọc Khoa - Giám đốc Đầu tư, Công ty TNHH Quản lý Quỹ KIM Việt Nam

👉 Đặt lịch ngay và đón xem vào 15h hôm nay để trang bị góc nhìn sắc bén trước mùa đại hội!",,2026-03-14T00:12:04.870Z,,PUBLISHED,2026-03-30T00:12:04.870Z,,,,
09ca630a-0ee0-4fa3-80f1-92d996ec90c3,06339fa5-01b2-495c-8f7d-a40e941ceecf,"Israel tuyên bố hạ s-át tư lệnh hải quân Iran phụ trách phong tỏa eo biển Hormuz

#Thếgiới",,2026-03-07T00:15:04.279Z,,PUBLISHED,2026-03-30T00:15:04.279Z,,,,
09d27af8-ae98-4072-a483-d38e2dd1a66f,057c3369-0766-457a-9b06-b8241bbfb888,"🔥 SUPER SUNDAY - WATCH PARTY #2 SAY HI ANH EM THÀNH PHỐ BIỂN ĐÀ NẴNG: LIÊN MINH ""SAO CHỚP"" SẼ LỤC ĐỤC??? 🙂‍↔️

#AOGS26 #DeclaringTheNewEra #WatchParty #realme16ChuẩnEsports #SứcMạnhRealSiêuChiếnTích #ShopeePayVN #ShopeePayxSPayLater",,2026-03-14T00:13:33.530Z,,PUBLISHED,2026-03-30T00:13:33.530Z,,,,
09df0afa-2649-4f9f-aef4-30d06fa7642e,a6f43c21-de9d-4c11-b41d-c22d63b8579f,Các nhân sự chủ chốt nhà nước do Quốc hội khóa XVI bầu và phê chuẩn vào ngày 6/4 tới là những người sẽ được Trung ương Đảng giới thiệu tại Hội nghị Trung ương 2 lần này. #ccnnews #chinhtrivietnam #tinnoichinh #hoinghitrunguong2,,2026-03-15T00:15:44.195Z,,PUBLISHED,2026-03-30T00:15:44.195Z,,,,
09f2e0ca-3999-4698-8dd4-72c67e125e20,2b9222fa-bd4b-4cfe-a301-f8e31cde883a,"Lại bảo ko real đi 😠 mừng anh Long trở về nhà 🫡

#GhienAmNhac #rap #BabyRed #Kiban #MAFIA #EP #Vol1 #music",,2026-03-23T00:14:11.811Z,,PUBLISHED,2026-03-30T00:14:11.811Z,,,,
0a1de924-be1f-4294-8e8d-22ee88ec86e3,0eaf3dab-44d0-4bc9-a5ad-7ef101236200,"🤖 TỪ ""VIBE CODE"" ĐẾN AI AGENT THỰC THỤ – AGENTSCOPE 20.5K SAO LÀ THỨ BẠN CẦN ĐỂ BUILD AGENT PRODUCTION-READY NGAY HÔM NAY! 🚀

Bạn muốn xây dựng AI Agent nhưng lo lắng về độ tin cậy, khả năng mở rộng và… không biết bắt đầu từ đâu?

AgentScope là framework được thiết kế đặc biệt cho những lập trình viên muốn tạo ra các agent có thể giám sát, điều khiển và tin tưởng – với hơn 20.5k sao trên GitHub, đây là lựa chọn đáng tin cậy! 👇

👉 GitHub: github.com/agentscope-ai/agentscope

I. 🧠 AGENTSCOPE LÀ GÌ?
- AgentScope là framework xây dựng agent production-ready, dễ dùng, với các tính năng nổi bật:
1. ReAct Agent – Agent có thể suy luận và dùng tools.
2. Realtime Voice Agent – Agent giao tiếp bằng giọng nói thời gian thực.
3. MCP & A2A Support – Tích hợp sẵn giao tiếp với tools và agent khác.
3. Memory & Planning – Bộ nhớ dài hạn, lập kế hoạch thông minh.
4. Multi-Agent Workflows – Điều phối nhiều agent với MsgHub.
5. Agentic RL – Huấn luyện agent bằng Reinforcement Learning.
6. Extensible – Dễ dàng mở rộng với tools, memory, observability.

II. 🎯 TÍNH NĂNG NỔI BẬT
✅ Voice & Realtime Agent – Tích hợp sẵn STT/TTS, agent nói chuyện thời gian thực.
✅ Human-in-the-loop – Người dùng có thể can thiệp, tạm dừng và tiếp tục conversation.
✅ Flexible MCP – Dùng MCP tools như hàm local, dễ dàng mở rộng.
✅ Agentic RL – Tối ưu agent bằng RL với các bài mẫu: Math Agent, Frozen Lake, Werewolf Game.
✅ Multi-Agent Orchestration – MsgHub quản lý hội thoại nhiều agent dễ dàng.
✅ Production-ready – Hỗ trợ deploy local, serverless, Kubernetes, OTel tích hợp sẵn.

III. 🧪 CÁC DỰ ÁN MẪU & HƯỚNG DẪN
1. AgentScope cung cấp hàng chục ví dụ từ cơ bản đến nâng cao:
2. Functionality: MCP, RAG, Long-term Memory, TTS, Plan…
3. Agent: Deep Research Agent, Browser-use Agent, Meta Planner…
4. Game: Werewolf (9 người chơi AI)
5. Workflow: Multi-agent debate, concurrent, realtime conversation
6. Evaluation: ACEBench
7. Tuner: Tune ReAct Agent bằng prompt tuning

👉 Tài liệu đầy đủ: doc.agentscope.io

IV. 🏆 THÀNH TỰU
- ⭐ 20.5k sao trên GitHub
- 👥 59 contributors
- 📦 33 releases
- 🌍 Cộng đồng Discord và DingTalk
- 📄 Paper được chấp nhận tại các hội nghị lớn

🔥 Hãy kết nối với Thầy ngay – Mentor 1:1, dạy kèm cá nhân hóa, giúp bạn từ ""vibe code"" đến ""pro code"" thực thụ! 🚀

#AgentScope #AIAgents #MultiAgent #VibeCoding #NoCode #LapTrinhVien #SinhVienIT #OpenSourceAI",,2026-03-03T00:16:04.884Z,,PUBLISHED,2026-03-30T00:16:04.884Z,,,,
0a27d164-1e66-4462-8f40-12da35c232b4,d7497b01-a9a0-4cd7-8999-666a8ca37779,"TRỰC TIẾP RA MẮT | GEELY EX2 - CÀNG LÁI CÀNG YÊU VÀ GEELY EX5 EM-i - CÀNG LÁI CÀNG MÊ

Bộ đôi xe năng lượng mới Geely EX2 và Geely EX5 EM-i ứng dụng hạng loạt công nghệ hiện đại, thiết kế phong cách, tiện nghi.

Cùng trải nghiệm bộ đôi năng lượng mới cùng Geely!

----------------------------------------------------------------
Fanpage Geely Việt Nam: https://www.facebook.com/geelyauto.vietnam
Hotline: 1900 055 568
Website: geely.vn",,2026-03-14T00:12:04.666Z,,PUBLISHED,2026-03-30T00:12:04.666Z,,,,
0a45b331-bd48-4cf1-8659-80b3ca46af6a,e6eecc77-6d92-46df-b92d-7ee2391ae019,"Pamela Anderson stars in Aerie's new anti-AI advertising campaign, highlighting the brand's commitment to using real people in its marketing.

(Credit: Adrian Martin)

#PamelaAnderson #AImodels #Aerie #AI #modeling",,2026-03-27T00:16:58.388Z,,PUBLISHED,2026-03-30T00:16:58.388Z,,,,
0a5f2283-87f7-4be4-93aa-cb369466d766,ec1e627a-5418-4713-920d-29496f252009,"His condition was heartbreaking. Dobby was five years old, but had never even seen the inside of a vet’s office. Sara, one of the employees of the clinic, was drawn to the poor creature and knew he desperately needed some care and love.
It wasn’t just his skin that was the issue; he was starving.

His skin was exposed and raw because of the flea treatments his former owner had given him. Apparently, she hadn’t wanted to spend the money or time getting him the proper care he needed.

She didn’t seem to care much about the dog, and Dobby’s rescuers begged her to surrender him so that they could care for him.

She agreed right away, and Dobby was whisked away. He was in a lot of pain and needed all the help he could get. His rescuers immediately went to work nursing him back to health.

This led to a completely unbelievable transformation! 
Look at Dobby now 👇",,2026-03-11T00:11:14.426Z,,PUBLISHED,2026-03-30T00:11:14.426Z,,,,
0a838184-6601-4610-afae-7611df9aae49,65c58780-4703-4009-8925-921f4924b4d7,"If a TOC chef fails to do these two small things, chances are they're headed for doom, according to floor reporters Justin Warner + Tiffani Faison 🫣

#TournamentOfChampions > Sundays @ 8|7c.",,2026-03-16T00:12:41.885Z,,PUBLISHED,2026-03-30T00:12:41.885Z,,,,
0a9c15c6-f2eb-4136-9dc5-349439ea640b,d7497b01-a9a0-4cd7-8999-666a8ca37779,"Bạn chọn ăn no, ăn ngon hay ăn sạch? Mà chọn ăn sạch thì làm sao cho đúng cách nhỉ?

Điểm chạm hôm nay sẽ cùng bạn tìm cách để có thể lần theo dấu vết từ miếng thịt trên bàn ăn ngược về tận nơi xuất phát. 

‐------
21h tối nay trên Fanpage, Youtube VTVIndex, VTV24, Điểm chạm chính sách",,2026-03-18T00:12:04.666Z,,PUBLISHED,2026-03-30T00:12:04.666Z,,,,
0aa506de-df9e-4dcd-8527-48585ea25295,7cbd37a4-3374-4291-bd6d-b2474273342a,"JUST IN: ""The Vermilion Mask"" - First Trailer!
Watch & more: acani.me/vermilion-anime

The anime will premiere in October 2026, with two parts confirmed (Studio: One Double-O studio).",,2026-03-02T00:11:14.625Z,,PUBLISHED,2026-03-30T00:11:14.625Z,,,,
0aa76356-51ec-4bd4-9337-bece2ba5255e,26c15ef0-e36c-4f43-8f04-e27562146ff3,"🔗: bit.ly/4sEj87Z

Here are 7 things we learned from 'BTS: The Return,' from the BTS members' concerns about English lyrics on their new album, 'ARIRANG,' to their ongoing struggles with fame.",,2026-03-27T00:14:11.410Z,,PUBLISHED,2026-03-30T00:14:11.410Z,,,,
0b0bafed-58fa-47b7-84a5-c9de5a168235,e5b917f7-e4e9-4cc0-b09a-f84eac91709f,Experts embark on a ground-breaking mission to land on a comet and reveal its galactic mysteries. #HowTheUniverseWorks,,2026-03-30T00:16:21.781Z,,PUBLISHED,2026-03-30T00:16:21.781Z,,,,
0b12103d-7d0f-4ab6-b278-b9ddd572d6c5,65c3ee41-578f-48ba-8572-70f3993e3105,"When staff showed up to work, there was a stray dog waiting for them… on the roof 🥺

Turns out he’d spent the whole night up there after being thrown from a bridge.",,2026-03-26T00:10:58.272Z,,PUBLISHED,2026-03-30T00:10:58.272Z,,,,
0b4e466d-c4a7-40ec-815b-2976b81e4169,0eaf3dab-44d0-4bc9-a5ad-7ef101236200,"🤖 20 AI GITHUB REPOSITORIES SIÊU HOT – KHO BÁU CHO DÂN MÊ AI, DEVOPS VÀ LẬP TRÌNH! 🚀

Bạn muốn chạy LLM local, xây dựng AI agent, tự động hoá workflow, hay tạo ảnh với Stable Diffusion?
Dưới đây là 20 repo AI ""must-know"" trên GitHub – được phân nhóm rõ ràng để bạn dễ lựa chọn. Lưu ngay kẻo lỡ! 👇

I. 🧠 LOCAL LLM & AI CHAT
1️⃣ Ollama – Chạy LLM local cực dễ (Llama, Mistral, Gemma...)
🔗 github.com/ollama/ollama
2️⃣ llama.cpp – Chạy LLM trên CPU, tối ưu cho phần cứng yếu
🔗 github.com/ggml-org/llama.cpp
3️⃣ DeepSeek-V3 – Mô hình open-source hiệu năng cao, cạnh tranh GPT-4
🔗 github.com/deepseek-ai/DeepSeek-V3
4️⃣ Gemini CLI – Dùng Gemini ngay trong terminal (Google official)
🔗 github.com/google-gemini/gemini-cli
5️⃣ Open WebUI – Giao diện chat self-hosted, hỗ trợ nhiều model
🔗 github.com/open-webui/open-webui

II. 🤖 AI AGENT & ORCHESTRATION
6️⃣ OpenClaw – AI agent chạy local, tự động thực hiện tác vụ (ngôi sao 2026, 300k+ ⭐)
🔗 github.com/openclaw/openclaw
7️⃣ AutoGPT – Tự động hoá công việc với AI agent
🔗 github.com/Significant-Gravitas/AutoGPT
8️⃣ CrewAI – Phối hợp nhiều AI agent làm việc nhóm
🔗 github.com/crewAIInc/crewAI
9️⃣ LangChain – Xây dựng LLM app, agent và pipeline
🔗 github.com/langchain-ai/langchain
🔟 Langflow – Kéo thả xây dựng LLM pipeline trực quan
🔗 github.com/langflow-ai/langflow
1️⃣1️⃣ Claude Code – Trợ lý lập trình AI ngay trong terminal (by Anthropic)
🔗 github.com/anthropics/claude-code

III. 🎨 IMAGE & MEDIA AI
1️⃣2️⃣ Stable Diffusion WebUI – Tạo ảnh từ text ngay trên máy bạn
🔗 github.com/AUTOMATIC1111/stable-diffusion-webui
1️⃣3️⃣ ComfyUI – Thiết kế workflow tạo ảnh node-based (pro)
🔗 github.com/comfyanonymous/ComfyUI
1️⃣4️⃣ Whisper – Nhận dạng và phiên âm giọng nói của OpenAI
🔗 github.com/openai/whisper

IV. ⚙️ ML FRAMEWORK & TOOL
1️⃣5️⃣ TensorFlow – Framework ML hàng đầu của Google
🔗 github.com/tensorflow/tensorflow
1️⃣6️⃣ PyTorch – Framework deep learning linh hoạt, được yêu thích
🔗 github.com/pytorch/pytorch
1️⃣7️⃣ Transformers – Kho model pretrained (Hugging Face)
🔗 github.com/huggingface/transformers
1️⃣8️⃣ Dify – Xây dựng ứng dụng AI production nhanh chóng
🔗 github.com/langgenius/dify

V. 🔁 AUTOMATION & RAG
1️⃣9️⃣ n8n – Tự động hoá workflow tích hợp AI
🔗 github.com/n8n-io/n8n
2️⃣0️⃣ RAGFlow – Xây dựng pipeline Retrieval-Augmented Generation
🔗 github.com/infiniflow/ragflow

VI. 🎁 TẠI SAO NÊN THEO DÕI CÁC REPO NÀY?
✅ Mã nguồn mở – tự do học hỏi, fork, đóng góp
✅ Cập nhật nhanh – bắt kịp xu hướng AI mới nhất
✅ Thực hành ngay – hầu hết đều có demo, cài đặt dễ dàng

⭐ P/S: Bạn muốn nắm vững AI, DevOps và xây dựng ứng dụng thực chiến?
👉 Kết nối với Thầy ngay – Mentor 1:1, dạy kèm cá nhân hóa, giúp bạn hiểu sâu và làm chủ công nghệ! 🚀

#OpenSourceAI #LLM #AIAgents #GitHubTrending #MachineLearning #LapTrinhVien #SinhVienIT #AITools",,2026-03-21T00:16:04.885Z,,PUBLISHED,2026-03-30T00:16:04.885Z,,,,
0b4ff477-6d72-4272-9339-1564526f77df,af30b1ab-da9a-42a8-b220-576007dd082b,"For today's coding challenge, you'll calculate how long a student has to wait before attempting an online exam again. We call this the cooldown period. Check it out on the freeCodeCamp mobile app.",,2026-03-18T00:16:04.675Z,,PUBLISHED,2026-03-30T00:16:04.676Z,,,,
0b543a88-f08c-4862-97c8-abcafb177bca,2be0df6d-8cc8-47c0-8130-21581a18ab30,Good for her 😆,,2026-03-10T00:13:00.831Z,,PUBLISHED,2026-03-30T00:13:00.831Z,,,,
0b5864a8-45f2-4db8-ae04-110a5f2728d6,057c3369-0766-457a-9b06-b8241bbfb888,Could you make that shot? 👀,,2026-03-20T00:13:33.530Z,,PUBLISHED,2026-03-30T00:13:33.530Z,,,,
0b6920ba-8d34-4c75-8e37-13d899a840b7,4bc7eff0-091a-45f8-84ca-72276cc4fc1e,Quân đội Iran tuyên bố đã tiến hành tấn công trực tiếp nhằm vào lực lượng của Mỹ trên biển.,,2026-03-28T00:15:25.606Z,,PUBLISHED,2026-03-30T00:15:25.606Z,,,,
0b7ec0f2-b91d-4102-9c40-cc5d8f348996,4444b44e-e73f-4588-ac3a-aa7052825c5c,"What's the best photo you took of your pet this week? 📸🐶🐱 
Add yours in the comments! 👇",,2026-03-15T00:10:58.076Z,,PUBLISHED,2026-03-30T00:10:58.076Z,,,,
0bb5aa03-821c-418f-959b-fc1cc9e8bebc,d7497b01-a9a0-4cd7-8999-666a8ca37779,"Việt Nam sở hữu tiềm năng năng lượng tái tạo thuộc nhóm cao nhất trong khu vực, đặc biệt là điện gió và điện mặt trời.",,2026-03-14T00:11:49.295Z,,PUBLISHED,2026-03-30T00:11:49.295Z,,,,
0bbe5254-5b0c-412d-8881-159744f58518,063ce956-10ac-4677-a744-7ad0b829f7a0,"Bố em !

Bố em có rất nhiều nghề, nhưng bố em nói, bố thích nhất là trading chứng khoán

Em cũng rất thích nghề này vì thấy bố được chơi máy tính cả ngày mà không bị mẹ mắng. Sáng bố em được ngủ đến 9-10h mới dậy, dậy xong ngồi chơi máy tính, ngồi cả ngày cho đến tối, có khi thức khuya cũng được, mà không thấy bị mắng chút nào.

Bố cũng không cần chải đầu, thỉnh thoảng đánh răng cũng lười vì bố bảo ""Bận lắm!"". Có những lúc em thấy bố nhìn máy tính chằm chằm, chẳng làm gì, cả ngày lẩm bẩm ""Sao lại thế nhỉ?"" Sao lại chạy lên nhỉ? Sao lại chạy xuống nhỉ? Sao vừa chạy xuống đã lên nhỉ?"", rồi chốc chốc bố lại thét lên: ""CON MỊA NÓ"".

Những lúc như thế, em thấy bố rất ngầu, vừa vỗ bàn, vừa lại chằm chằm vào máy tính. Bố còn rất nổi tiếng, ngày nào cũng có người đến nhà em xin tiền của bố.

Nhưng mẹ em bảo ""Sau này mà mày làm chứng khoán giống bố mày thì đừng trách tao"". Mặc dù vậy, em vẫn rất thích nghề của bố vì từ khi bố làm chứng khoán em được chuyển nhà rất nhiều.",,2026-03-18T00:12:04.870Z,,PUBLISHED,2026-03-30T00:12:04.870Z,,,,
0bd1673f-aa66-42d0-bd48-4936d49975a8,2511bcf1-0466-4d80-b869-d52e723331aa,😏,,2026-03-05T00:16:37.929Z,,PUBLISHED,2026-03-30T00:16:37.929Z,,,,
0bd5ce4a-f6b4-4733-8471-deeb01a5c488,2be0df6d-8cc8-47c0-8130-21581a18ab30,(No text content),,2026-03-19T00:13:00.830Z,,PUBLISHED,2026-03-30T00:13:00.830Z,,,,
0be4c132-1a36-4583-8e1c-c80e26e10034,e80c9d9f-94e9-46db-85a6-1a3fd705818b,Chưa bao giờ Hoàng Luận lại sở hữu quyền phép đáng sợ đến vậy...,,2026-03-07T00:13:17.514Z,,PUBLISHED,2026-03-30T00:13:17.514Z,,,,
0bf335a5-3c8c-4f42-82cb-c1849ebf57b9,2511bcf1-0466-4d80-b869-d52e723331aa,😳,,2026-03-09T00:16:37.929Z,,PUBLISHED,2026-03-30T00:16:37.929Z,,,,
0c0483e4-aff5-4862-bb29-b81127bf9875,5a3c02df-6c93-4aae-b63e-f598c32df599,"The Tate has announced its 2027 season programming, including solo shows by David Hockney, Claude Monet, Lynda Benglis, and Sonia Boyce.",,2026-03-28T00:11:49.082Z,,PUBLISHED,2026-03-30T00:11:49.082Z,,,,
0c0bc64d-6c56-42a9-9e63-c0101b0177b9,d77e34f7-4fb7-4847-9876-d7e52dbc0739,"Sharks in the Bahamas are turning up with caffeine, painkillers — and even cocaine — in their blood. A new study suggests human pollution reaches even waters that seem remote and pristine.
",,2026-03-10T00:16:22.180Z,,PUBLISHED,2026-03-30T00:16:22.180Z,,,,
0c2e8ae3-da2f-4fc9-9768-a9fb36e23757,e5b917f7-e4e9-4cc0-b09a-f84eac91709f,A desert island adrift in the Gulf of Mexico contains a massive and marooned structure with a contagious past; experts investigate and uncover a desolate military fortress-turned-prison plagued by a deadly disease. #MysteriesoftheAbandoned,,2026-03-07T00:16:21.782Z,,PUBLISHED,2026-03-30T00:16:21.782Z,,,,
0c3e5e38-3c21-4982-b596-b23fc4a6575f,d7497b01-a9a0-4cd7-8999-666a8ca37779,Doanh nghiệp cảng biển lớn nhất Việt Nam lên kế hoạch cho siêu cảng 5 tỷ USD ở Cần Giờ,,2026-03-10T00:11:49.295Z,,PUBLISHED,2026-03-30T00:11:49.295Z,,,,
0c4b3eaf-3bb7-4eed-bede-9d275b38ac0c,160b6d37-539a-4c4c-8d0f-60674c5e1575,(No text content),,2026-03-24T00:14:30.443Z,,PUBLISHED,2026-03-30T00:14:30.443Z,,,,
0c66da2d-8740-48b2-bb14-9807c86f722c,a6f43c21-de9d-4c11-b41d-c22d63b8579f,"Tổng Bí thư: Chúng ta không chấp nhận tăng trưởng thấp

Sau 3 ngày làm việc, Hội nghị Trung ương 2 của Đảng khóa XIV đã hoàn thành toàn bộ nội dung, chương trình đề ra. 

Tổng Bí Thư Tô Lâm cho biết, Trung ương đã thống nhất rất cao đối với những vấn đề lớn, hệ trọng của Đảng và đất nước, đặc biệt là nhóm nội dung về công tác tổ chức, cán bộ và các quy định nền tảng của Đảng

Về mục tiêu tăng trưởng hai con số, Tổng Bí thư nhấn mạnh quyết tâm không chấp nhận tăng trưởng thấp. Tổng Bí thư nêu rõ tăng trưởng kinh tế cao là đòi hỏi khách quan và khát vọng của dân tộc. Tuy nhiên, mục tiêu ""hai con số"" phải dựa trên ""bốn nguyên tắc"" khoa học.

Tăng trưởng thực chất, không đánh đổi chất lượng, môi trường lấy tốc độ đơn thuần. Mỗi phần trăm tăng trưởng GDP phải chứa đựng hàm lượng tri thức và giá trị gia tăng cao hơn.

Kiên định nguyên tắc ổn định kinh tế vĩ mô, kiểm soát lạm phát, đảm bảo các cân đối lớn. Đây là điều kiện tiên quyết để nền kinh tế chống chịu được các ""cú sốc"" bên ngoài.

Tận dụng hiệu quả mọi nguồn lực sẵn có, tập trung ưu tiên cho các dự án trọng điểm và thúc đẩy hợp tác công - tư, để gia tăng hiệu quả đầu tư và nâng cao năng lực cạnh tranh quốc gia.

Phục vụ nhân dân, thành quả tăng trưởng phải được chia sẻ công bằng, nâng cao đời sống vật chất và tinh thần của người dân.",,2026-03-16T00:15:44.196Z,,PUBLISHED,2026-03-30T00:15:44.196Z,,,,
0cbcb791-5493-47b2-9208-2f3b1d7e4014,0eaf3dab-44d0-4bc9-a5ad-7ef101236200,"🚀 DEVOPS AI GUIDELINES – LỘ TRÌNH 6 THÁNG TỪ DEVOPS THUẦN TÚY ĐẾN AI INFRASTRUCTURE ARCHITECT! 🤖

Bạn đang làm DevOps và lo lắng mình sẽ bị “bỏ lại” trong thời đại AI? Hay muốn bắt đầu nhưng không biết con đường nào đúng?

Repo DevOps AI Guidelines chính là bản đồ chi tiết dành riêng cho bạn – với lộ trình 18 tháng, hướng dẫn thực chiến, và framework áp dụng AI an toàn trong doanh nghiệp! 👇

👉 GitHub: github.com/VersusControl/devops-ai-guidelines

I. 📦 TRONG REPO CÓ GÌ?
1.  AI Roadmap Overview – Lộ trình 3 giai đoạn, từ DevOps Engineer lên AI Infrastructure Architect.

2.  MCP for DevOps – Hướng dẫn xây dựng MCP server bằng Golang & Kubernetes.

3. AI Agent for DevOps – Tạo AI Agent với Golang và LangChain.

4.  Building Your Business on AWS with AI Agent – Hướng dẫn 
từng bước thiết kế, build và scale hạ tầng trên AWS bằng AI.

5.  AI Project Management – Xây dựng hệ thống quản lý dự án thông minh với OpenClaw.

6.  AI Guidelines for DevOps Teams – Framework triển khai AI an toàn cho tổ chức.

7.  AI Interview Preparation Guide – Chuẩn bị phỏng vấn AI DevOps.

8. 10 Essential AI Prompts for DevOps – 10 prompt tăng năng suất ngay lập tức.

9.  AWS Certification 10x Faster with AI – Tận dụng AI để học AWS siêu tốc.

II. 🎯 3 LỘ TRÌNH NHANH
- Cá nhân DevOps: Bắt đầu với 10 AI Prompts → Học AWS với AI → Luyện phỏng vấn.

- Team Lead / Manager: Đọc AI Guidelines → Chia sẻ prompts cho team → Thiết lập khung bảo mật.

- CTO / Tổ chức: Áp dụng AI Guidelines xuyên suốt → Đào tạo nhân sự → Giám sát, tối ưu.

III. 🧠 TẠI SAO NÊN DÙNG?
✅ Lộ trình bài bản – Không mò mẫm, có hướng đi rõ ràng.
✅ Thực chiến – Hướng dẫn code, build agent, tích hợp MCP.
✅ An toàn – Framework áp dụng AI trong doanh nghiệp.
✅ Cộng đồng – 935 sao, 244 fork, được đóng góp bởi DevOps VN.
👉 Bạn không cần phải là AI expert để bắt đầu. Chỉ cần một roadmap đúng và người dẫn đường!

🌟 Hãy kết nối với Thầy ngay – Mentor 1:1, dạy kèm cá nhân hóa, giúp bạn từ ""vibe code"" đến ""pro code"" thực thụ! 🚀

#DevOps #AIOps #AIEngineering #CloudNative #VibeCoding #LapTrinhVien #SinhVienIT #CareerRoadmap",,2026-03-09T00:16:04.884Z,,PUBLISHED,2026-03-30T00:16:04.884Z,,,,
0cc30c2f-49b5-437f-9da7-f3932626a7a6,04611aaa-eca4-4f8c-a8be-e078953d5ea7,"Today, I'm going to share with you the story of Paul Dirac, who accidentally uncovered the anti-universe, and in turn, anti matter!",,2026-03-12T00:16:37.701Z,,PUBLISHED,2026-03-30T00:16:37.701Z,,,,
0d035c23-af8e-4983-870a-0fd1ccf6dd3a,4444b44e-e73f-4588-ac3a-aa7052825c5c,This Pitty Is ALWAYS Down For Play Time!,,2026-03-18T00:10:58.076Z,,PUBLISHED,2026-03-30T00:10:58.076Z,,,,
0d0c306a-f6f4-4a12-8207-50f7de8cf4cb,06339fa5-01b2-495c-8f7d-a40e941ceecf,"LÃNH ĐẠO BỘ DÂN TỘC VÀ TÔN GIÁO VIẾNG ĐỨC HỒNG Y GIOAN BAOTIXITA PHẠM MINH MẪN

Sáng 26/3, đoàn Bộ Dân tộc và Tôn giáo do Thứ trưởng Y Vinh Tơr làm Trưởng đoàn đã đến viếng Đức Hồng y Gioan Baotixita Phạm Minh Mẫn, nguyên Tổng Giám mục Tổng Giáo phận TPHCM.

Thứ trưởng Y Vinh Tơr ghi vào sổ tang: “Bộ Dân tộc và Tôn giáo kính viếng Hồng y Gioan Baotixita Phạm Minh Mẫn, nguyên Tổng Giám mục Tổng giáo phận TPHCM. Đức Hồng y là hình ảnh tiêu biểu của vị mục tử Công giáo trong việc chỉ dẫn linh mục, tu sĩ, giáo dân thực hiện vai trò người giáo dân tốt, người công dân tốt trên con đường đồng hành cùng dân tộc, góp phần quan trọng trong việc xây dựng Giáo hội phát triển. Lãnh đạo Bộ Dân tộc và Tôn giáo trân trọng những đóng góp của Đức Hồng y trong công cuộc xây dựng và phát triển đất nước”.

#Vietnamnet #DântộcTôngiáo",,2026-03-18T00:15:04.280Z,,PUBLISHED,2026-03-30T00:15:04.280Z,,,,
0d37290a-655f-4c45-a040-04fd42caeae2,201ca225-be01-440e-94d0-8de62bff41b0,"It's the first video evidence of polar bears hunting and eating reindeer—something that had long been assumed, but never clearly seen. 

Learn more on #WorldBearDay: https://scim.ag/4sSEwG8",,2026-03-29T00:16:21.988Z,,PUBLISHED,2026-03-30T00:16:21.988Z,,,,
0d5b689a-c8ec-49ee-ab4b-f4f1a824c04b,4444b44e-e73f-4588-ac3a-aa7052825c5c,The Bond Between This Cat and Dog is Unlike Anything We've Ever Seen! What Precious Memories to Hold on to in Remembrance of Henry 🐾❤,,2026-03-02T00:10:58.076Z,,PUBLISHED,2026-03-30T00:10:58.076Z,,,,
0d6adbe3-f8a8-40e2-962c-808a63e02ba9,99b31143-ccb7-4122-a183-d27b9191a3e4,the one who’s single gives the most advice,,2026-03-06T00:13:17.292Z,,PUBLISHED,2026-03-30T00:13:17.292Z,,,,
0d83a7f3-60cd-4242-b929-b2e9458fea53,0e3444b0-651e-4117-b47b-817069dec9e7,"On the verge of history! 🙌

Chinese Taipei could qualify for next year’s FIFA Women's World Cup for the first time this century.

They face China PR in the quarter-finals of the AFC Women’s Asian Cup, with the winner securing a spot at next summer’s tournament.",,2026-03-29T00:16:38.129Z,,PUBLISHED,2026-03-30T00:16:38.129Z,,,,
0d8e2a8d-19bc-4ca4-a7a8-b81f9bb7d8d0,e80c9d9f-94e9-46db-85a6-1a3fd705818b,Còn cười là còn khổ,,2026-03-09T00:13:17.515Z,,PUBLISHED,2026-03-30T00:13:17.515Z,,,,
0dead2db-ce2e-468f-b7cd-b3415449ed37,7cbd37a4-3374-4291-bd6d-b2474273342a,"YUTA KAISEN PEAK. I'm full 😋🔥🔥

Anime: JUJUTSU KAISEN Season 3",,2026-03-28T00:11:14.626Z,,PUBLISHED,2026-03-30T00:11:14.626Z,,,,
0e19829b-2752-4616-9ca8-4527e7ddd1d3,160b6d37-539a-4c4c-8d0f-60674c5e1575,"Usher has spoken out about his longtime mentor Sean “Diddy” Combs, saying he has “nothing negative to say” despite the rapper’s ongoing legal issues.

The singer, who began working with Combs as a teenager, said his personal experience doesn’t reflect the public narrative surrounding the music mogul.

“My experience was not what the world has seen,” Usher said in a recent interview, adding that he still recognises Combs’ impact as a businessman and cultural figure.

He credited Diddy as a mentor who helped shape his understanding of the industry, describing him as a “hard teacher” who played a major role in his early career.

While acknowledging the serious allegations and legal situation, Usher emphasised the importance of also recognising Combs’ contributions—particularly as a Black entrepreneur who influenced music and business.

Combs is currently serving a prison sentence after being convicted on charges related to transportation for pr-stitution, while denying other allegations made against him.

Despite the controversy, Usher says he continues to respect the legacy of the man who helped guide his rise.",,2026-03-04T00:14:30.442Z,,PUBLISHED,2026-03-30T00:14:30.443Z,,,,
0e1f6bcc-f5c6-4f32-9c78-aa591e4d1423,057c3369-0766-457a-9b06-b8241bbfb888,You probably did not expect a doctor to break down Hitman like this!,,2026-03-19T00:13:33.530Z,,PUBLISHED,2026-03-30T00:13:33.530Z,,,,
0e323c3a-fb55-4225-88d6-f3fd5b40ccdc,a6022d31-7bf8-43d3-a8c6-6470fecff46f,"THẾ NÀO LÀ ANH HÙNG? 

Anh hùng là siêu nhân, là vĩ nhân, là những người có siêu năng lực sao????

Thật ra anh hùng chẳng có định nghĩa, họ có thể là người thực hiện những điều lớn lao,
cũng có thể chỉ là một lựa chọn rất nhỏ.

Mỗi người một cách nhìn, mỗi người một quan điểm.

Vậy còn dàn cast Anh Hùng thì sao? 👀

Họ đã có câu trả lời của riêng mình. Còn bạn, bạn nghĩ thế nào?

--------
ANH HÙNG - Khởi chiếu từ 24.4.2026 - Dịp lễ Giỗ Tổ Hùng Vương và Đại lễ 30/4 - 1/5

#AnhHung #AnhHungMovie #HKFilm #VPictures #CGVCinemasVietnam",,2026-03-14T00:13:50.703Z,,PUBLISHED,2026-03-30T00:13:50.703Z,,,,
0e40a152-f69d-4b96-bc7e-96b8fb1f7991,56257f1b-41d6-4f2e-9ef2-9195f5117a85,"🎁 Unexpected things happen in DAN DA DAN — but missing out on rewards? That’s on you.

The clock’s ticking ⏰
Ready for the upgrade and the rewards? This is your moment.
⚡ Don’t let it slip away.

🎁 Purchase selected AOC gaming monitors and receive exclusive DAN DA DAN gifts — tiered by spend, while stocks last:

🛒 Shop here : https://sgstore.aoc.com 

Spend SGD700 & above
→ Free DAN DA DAN Monitor Light Bar (worth SGD89)

Spend SGD350 – 699
→ Free DAN DA DAN Mousepad (worth SGD49.90)

Spend SGD199 – 349
→ Free 3-in-1 Charging Cable (worth SGD19.90) + DAN DA DAN Cable Tie (worth SGD18)

📅 Promotion period (purchase): 20 Feb – 10 Apr 2026
📅 Redemption period: 20 Feb – 19 Apr 2026
📍 Redemption location: Sim Lim Square, Level 4 (open space beside the lift)
⏰ Operating hours: 12:30pm – 7:00pm daily, including public holidays

#AGONYOURPLAY #AOCGaming #DANDADAN  #LimitedOffer #LastChance

⚠️ Applicable to selected AOC monitors and arms only. One gift per qualifying receipt. Free gifts are provided upon redemption. Designs of gifts may vary. While stocks last. Promotion is not valid with any other promotions, discounts, or offers.",,2026-03-12T00:11:30.414Z,,PUBLISHED,2026-03-30T00:11:30.414Z,,,,
0e4958de-1f60-4383-bc2e-ca1e1511d1f9,a6f43c21-de9d-4c11-b41d-c22d63b8579f,"🤝 Bộ trưởng Lương Tam Quang tiếp Đại sứ Armenia

Sáng ngày 25/3/2026, tại Hà Nội, Đại tướng Lương Tam Quang, Ủy viên Bộ Chính trị, Bộ trưởng Bộ Công an đã tiếp Đại sứ Cộng hòa Armenia tại Việt Nam Suren Baghdasaryan.

Tại buổi tiếp, Bộ trưởng Lương Tam Quang cho biết, quan hệ ngoại giao giữa hai nước được thiết lập từ năm 1992 và đang ngày càng phát triển ổn định và toàn diện trên nhiều lĩnh vực từ chính trị, ngoại giao đến kinh tế - thương mại. Đặc biệt, các chuyến thăm cấp cao giữa lãnh đạo hai nước như chuyến thăm Việt Nam của Chủ tịch Quốc hội Armenia Alen Simonyan năm 2024 và chuyến thăm Armenia của Chủ tịch Quốc hội Việt Nam Trần Thanh Mẫn năm 2025 đã góp phần củng cố nền tảng chính trị vững chắc, tạo đồng lực mới cho hợp tác song phương.

Bộ trưởng Lương Tam Quang đánh giá, thời gian qua, hợp tác kinh tế - thương mại giữa hai nước đã có bước phát triển tích cực nhờ triển khai Hiệp định Thương mại tự do (FTA) với kim ngạch song phương năm 2025 đạt 565 triệu USD, qua đó khẳng định quan hệ song phương đang phát triển mạnh mẽ, với nhiều tiềm năng lớn trong các lĩnh vực thương mại, đầu tư và công nghệ.

Về hợp tác trên lĩnh vực thực thi pháp luật, Bộ trưởng Lương Tam Quang điểm lại, tại cuộc hội đàm giữa Thứ trưởng Bộ Công an Việt Nam Trần Quốc Tỏ và Thứ trưởng Bộ Nội vụ Armenia Armean Ghazaryan năm 2025, hai Bên đã thống nhất thúc đẩy ký kết Thỏa thuận hợp tác giữa hai Bộ; nghiên cứu, đàm phán, ký kết các Hiệp định liên quan đến dẫn độ, chuyển giao người kết án phạt tù; tăng cường trao đổi đoàn các cấp; chia sẻ thông tin, kinh nghiệm trong đấu tranh phòng chống tội phạm, phối hợp xử lý các yêu cầu điều tra qua các kênh hợp tác INTERPOL; mở rộng hợp tác trong lĩnh vực đào tạo; đảm bảo an ninh an toàn hoạt động của các cơ quan đại diện ngoại giao, công dân trên lãnh thổ của nhau.

Trong bối cảnh tình hình thế giới, khu vực tiếp tục có những thay đổi, diễn biến phức tạp, các vấn đề an ninh phi truyền thống tiếp tục tác động tới sự phát triển và ổn định của mỗi nước, Bộ trưởng Lương Tam Quang đề nghị ngài Đại sứ tiếp tục thúc đẩy các hoạt động trao đổi đoàn các cấp giữa Bộ Công an Việt Nam với các cơ quan thực thi pháp luật của Armenia, đặc biệt là các đoàn chuyên viên để tìm hiểu nhu cầu, tiềm năng và chia sẻ kinh nghiệm của các Bên.

Hai Bên nghiên cứu, sớm ký kết Thỏa thuận hợp tác về phòng chống tội phạm giữa Bộ Công an Việt Nam và Bộ Nội vụ Armenia; tích cực trao đổi, chia sẻ thông tin phối hợp điều tra các vụ án xuyên quốc gia, truy bắt các đối tượng truy nã quốc tế qua kênh song phương hoặc INTERPOL; giải quyết kịp thời đề nghị xác minh tội phạm.

Phối hợp bảo vệ an toàn cho các chuyến thăm lãnh đạo cấp cao, đảm bảo an ninh an toàn cho công dân hai nước đang học tập, kinh doanh, đầu tư, du lịch và sinh sống trên lãnh thổ của nhau; ủng hộ lẫn nhau tại các diễn đàn và các cơ chế hợp tác an ninh, thực thi pháp luật quốc tế mà cả hai nước là thành viên, góp phần giữ gìn ổn định, hòa bình trong khu vực.",,2026-03-08T00:15:44.196Z,,PUBLISHED,2026-03-30T00:15:44.196Z,,,,
0e49a4d3-0486-410a-ba18-8c5dc9dfa6c8,057c3369-0766-457a-9b06-b8241bbfb888,"Sonic the Hedgehog 4 is already building serious hype, and the latest cast updates are a big reason why. The biggest new addition reported so far is Kristen Bell, who is set to voice Amy Rose, while Jeff Fowler is back directing and the film is now in production. The movie is currently scheduled to hit theaters on March 19, 2027.

At the same time, the cast people already associate with the franchise is still a huge part of the conversation. Recent coverage notes returning franchise names like Ben Schwartz as Sonic, Idris Elba as Knuckles, plus live action stars including Jim Carrey, James Marsden, and Tika Sumpter, which is why fans are already wondering how big this sequel could get.

Nothing close to a full official cast sheet has been rolled out yet, but between Amy Rose’s reported debut and filming now underway, Sonic 4 already feels like one of the most talked-about game movies on the horizon. Which casting choice are you most excited for in Sonic 4? ⚡",,2026-03-23T00:13:33.530Z,,PUBLISHED,2026-03-30T00:13:33.530Z,,,,
0e4a5927-a86b-45f7-99c4-02f66b97daa1,201ca225-be01-440e-94d0-8de62bff41b0,"Drugs that inhibit KRAS signaling delay the development of pancreatic cancer in mice.

Learn more in a new #SciencePerspective: https://scim.ag/4sRW9WL",,2026-03-19T00:16:21.988Z,,PUBLISHED,2026-03-30T00:16:21.988Z,,,,
0e4e1ea1-1b68-4977-be05-eec6a35c7e53,06339fa5-01b2-495c-8f7d-a40e941ceecf,Triệu tập 3 thanh niên giả cảnh sát 'tổ công tác 373' phạt người vi phạm giao thông👇,,2026-03-08T00:15:04.278Z,,PUBLISHED,2026-03-30T00:15:04.278Z,,,,
0e5c587e-88dd-4550-a732-f37e3c2ff677,65c58780-4703-4009-8925-921f4924b4d7,"Người đâu ban quốc tịch =))))

#MasterchefUS #MasterChef #VuaDauBep #hh",,2026-03-29T00:12:41.886Z,,PUBLISHED,2026-03-30T00:12:41.886Z,,,,
0e7318bd-ff26-434d-b0e8-61aca75cefb3,5a3c02df-6c93-4aae-b63e-f598c32df599,US actress Zendaya has given her reaction to the widely shared AI-generated photos that appear to show her wedding to fellow actor Tom Holland: https://bbc.in/47dZ3fZ,,2026-03-28T00:11:49.084Z,,PUBLISHED,2026-03-30T00:11:49.084Z,,,,
0e923fae-657f-4021-9f49-f1ec467a96f5,5a3c02df-6c93-4aae-b63e-f598c32df599,"The 2026 Wagner Arts Fellowship awardees—Tomashi Jackson, Lucy Kim, and Yu-Wen Wu—receive an unrestricted $75,000 each for their Boston-based practices.",,2026-03-11T00:11:30.613Z,,PUBLISHED,2026-03-30T00:11:30.613Z,,,,
0eb78a0d-122c-4a38-91d9-98ed60367524,99b31143-ccb7-4122-a183-d27b9191a3e4,Don't know what a Venus Tummy is? Check the comments 👇,,2026-03-30T00:13:01.038Z,,PUBLISHED,2026-03-30T00:13:01.038Z,,,,
0ecf97da-b369-46ff-bb98-a370bf877108,ecb51e1a-b698-40a0-95d8-2eea6e774ba4,The great grey owl’s secret weapon? Its facial disc.,,2026-03-19T00:14:30.674Z,,PUBLISHED,2026-03-30T00:14:30.674Z,,,,
0ed2a82a-46ae-4ddc-871c-7517c9bb041c,2be0df6d-8cc8-47c0-8130-21581a18ab30,(No text content),,2026-03-27T00:13:00.830Z,,PUBLISHED,2026-03-30T00:13:00.830Z,,,,
0f15a8bc-82f1-429f-8031-621a70f275e7,ecb51e1a-b698-40a0-95d8-2eea6e774ba4,"A non-native salamander spotted in a Massachusetts pond has raised alarm among researchers. The animal—an Iberian ribbed newt found far outside its natural range—sparked fears it could carry Batrachochytrium salamandrivorans (Bsal), a deadly fungus that has already drastically reduced salamander populations in Europe. While Bsal hasn’t yet been detected in North America, scientists warn its arrival could devastate North America's salamanders: https://on.natgeo.com/ifFTST",,2026-03-07T00:14:30.675Z,,PUBLISHED,2026-03-30T00:14:30.675Z,,,,
0f161eff-c209-42c3-a55e-578e3d8dcd35,057c3369-0766-457a-9b06-b8241bbfb888,"Need for Speed might finally be looking back to the streets that made so many fans fall in love with the series. Recent rumors have pointed to an Underground-style direction, bringing back darker city vibes, night racing, and a heavier focus on tuning, though nothing has been officially confirmed by EA or Criterion so far.

That is exactly why this rumor is hitting so hard. For a lot of players, Need for Speed feels at its best when it leans into neon nights, illegal street races, and cars built to stand out as much as they perform. If the series really goes back in that direction, it could be the kind of reset fans have been asking for.

👉 Would you want the next Need for Speed to go full Underground again?",,2026-03-19T00:13:33.531Z,,PUBLISHED,2026-03-30T00:13:33.531Z,,,,
0f2c8b4e-09b2-4696-99bd-b3ba6bd435be,ec1e627a-5418-4713-920d-29496f252009,"Nothing to see here, just a camel and a husky hanging out 🐪🐶",,2026-03-08T00:11:14.426Z,,PUBLISHED,2026-03-30T00:11:14.426Z,,,,
0f7bdc9d-8d4e-48bc-bb19-21eed3d94a5c,1a6f6984-0412-402d-8409-78bad5452cae,Sens. Josh Hawley and Elizabeth Warren want the Energy Information Administration to gather more details about how data centers use power — and how that affects the grid.,,2026-03-12T00:16:58.584Z,,PUBLISHED,2026-03-30T00:16:58.584Z,,,,
0f954df6-95e1-406b-b993-9e741a46c569,1c4762f2-1dc9-47f4-847b-764ef074ce9b,"On March 13, 2026, China approved the world’s first commercial brain-computer interface (BCI) medical device. 

The system, developed by Shanghai-based Borui Kang Medical Technology is designed to help adults with quadriplegia from cervical spinal cord injuries regain hand movement.

The device has tiny implants that read brain signals to control a robotic glove. This helps patients pick up and hold objects like cups or spoons. It’s minimally invasive and sends signals wirelessly to the glove.

Clinical trials showed patients could grasp objects better, improving their daily life. The device is for adults 18–60 with stable spinal cord injuries who can move their arms but not their hands.

This is the first brain-computer interface approved for commercial use in the world, making China the first country to sell this technology.

#BCI #Medical #Paralysis #China",,2026-03-08T00:17:15.505Z,,PUBLISHED,2026-03-30T00:17:15.505Z,,,,
0fa718d7-b9bf-4e1f-a4e8-7f99b2842e5e,26c15ef0-e36c-4f43-8f04-e27562146ff3,"Taylor Swift arrives at the iHeartRadio Music Awards.

See more photos from the red carpet: bit.ly/4bzwhJl",,2026-03-26T00:14:11.410Z,,PUBLISHED,2026-03-30T00:14:11.410Z,,,,
0fbcd685-f34e-429a-866f-15fa0fd8c544,0eaf3dab-44d0-4bc9-a5ad-7ef101236200,"🌍 PUBLIC APIS – KHO BÁU 1400+ API MIỄN PHÍ CHO MỌI DỰ ÁN!

Bạn đang tìm API để test, học tập, hay xây dựng sản phẩm thực tế?
Public APIs là bộ sưu tập khổng lồ với hơn 1400 API miễn phí được cộng đồng duy trì, phân loại sẵn sàng để dùng ngay! 👇

👉 GitHub: github.com/public-apis/public-apis

I. 📦 REPO NÀY CÓ GÌ?
✅ Hàng trăm danh mục: Animals, Anime, Blockchain, Books, Business, Cryptocurrency, Finance, Games, Geocoding, Machine Learning, Music, News, Weather... và còn rất nhiều!
✅ API có sẵn: Mỗi API đều có mô tả, yêu cầu auth (hay không), hỗ trợ HTTPS, CORS.
✅ Cập nhật liên tục: Được cộng đồng đóng góp và kiểm duyệt.

II.🔥 MỘT SỐ API HAY TRONG TỪNG LĨNH VỰC
- Animals: Dog Facts, Cat Facts, RandomFox – lấy ảnh và fact về động vật.
- Anime: Jikan, AniList, Studio Ghibli – dữ liệu anime, manga.
- Development: JSONbin.io, Mocky, Httpbin – mock API, test request.
- Finance: Alpha Vantage, Finnhub, CoinGecko – giá cổ phiếu, crypto real-time.
- Geocoding: ipapi, LocationIQ, OpenCage – định vị IP, chuyển địa chỉ sang tọa độ.
- Weather: OpenWeatherMap, WeatherAPI – dữ liệu thời tiết.
- Music: Spotify, Deezer, Last.fm – nhạc, playlist, nghệ sĩ.
- Games: PokéAPI, Marvel, RAWG – dữ liệu game, nhân vật.

📌 Mỗi API đều có link docs, hướng dẫn sử dụng ngay trong repo!

III.💡 LÀM GÌ VỚI KHO API NÀY?
- 🧪 Học tập: Test API, thực hành gọi request, xử lý JSON.
- 🛠️ Xây dựng ứng dụng: Lấy dữ liệu thật cho web/app mà không cần tự thu thập.
- 🚀 Side project: Kết hợp nhiều API để tạo sản phẩm độc đáo (ví dụ: dashboard thời tiết + crypto + news).
- 🔍 Nghiên cứu: Khám phá cách các API thực tế được thiết kế.

IV. 🎯 CÁCH SỬ DỤNG
1️⃣ Truy cập repo, chọn danh mục bạn quan tâm.
2️⃣ Đọc mô tả, kiểm tra auth, HTTPS, CORS.
3️⃣ Copy endpoint, test với Postman hoặc fetch trong code.
4️⃣ Tích hợp vào dự án của bạn!

👉 Repo hoàn toàn miễn phí, mã nguồn mở, không giới hạn!

⭐ P/S: Bạn muốn nắm vững cách làm việc với API, xây dựng ứng dụng thực tế và tận dụng tối đa dữ liệu mở?
👉 Kết nối với Thầy ngay – Mentor 1:1, dạy kèm cá nhân hóa, giúp bạn hiểu sâu và làm chủ công nghệ! 🚀

#API #WebDevelopment #OpenSource #BackendDev #VibeCoding #LapTrinhVien #SinhVienIT #HocLapTrinh",,2026-03-24T00:16:04.885Z,,PUBLISHED,2026-03-30T00:16:04.885Z,,,,
10380f9f-69e2-4322-b904-f3be45c531e2,da59f15f-d533-46f2-bb1e-fef513f7658b,"🇸🇷🤩

#FIFAWorldCup",,2026-03-02T00:16:38.324Z,,PUBLISHED,2026-03-30T00:16:38.324Z,,,,
10a54802-26a2-499d-b7d6-77a9a81ef6e0,160b6d37-539a-4c4c-8d0f-60674c5e1575,"Moby has come under fire after criticising The Kinks’ classic track Lola, describing its lyrics as “gross and transphobic” in a recent interview.

The electronic musician said he was “taken aback” after hearing the 1970 hit on a Spotify playlist, claiming the song’s themes felt “unevolved.”

“I like their early music, but I was surprised by the lyrics,” he said.

The comments quickly drew a response from The Kinks’ guitarist Dave Davies, who strongly defended the song—and his brother, songwriter Ray Davies.

“I am highly insulted,” Dave wrote on social media, rejecting the suggestion that the track was transphobic.

He also shared support from trans musician Jayne County, who praised Lola as a groundbreaking song that helped bring conversations about gender identity into the mainstream.

“For me, it broke the ice,” she said, calling it an important moment in music history.

Dave continued to push back against Moby’s remarks, insisting the band has always been supportive and questioning why the criticism was necessary.

At the time of writing, Moby has not responded to the backlash.",,2026-03-15T00:14:30.443Z,,PUBLISHED,2026-03-30T00:14:30.443Z,,,,
110201fd-081b-4ca6-a4ad-15f1f787465f,ecb51e1a-b698-40a0-95d8-2eea6e774ba4,Take a minute - just coatis playing in the jungle 🌿,,2026-03-19T00:14:48.644Z,,PUBLISHED,2026-03-30T00:14:48.644Z,,,,
110859e0-6352-4cae-8d22-f82f7109c3e4,5a3c02df-6c93-4aae-b63e-f598c32df599,"JFK Jr lookalike competitions have been popping up in US cities.  Here’s how the lure of the ""second self"" goes way back to Irish folklore: https://bbc.in/4t2Ggwu",,2026-03-28T00:11:49.082Z,,PUBLISHED,2026-03-30T00:11:49.082Z,,,,
1133e929-a632-4469-a2f9-db5bd09e8483,ecb51e1a-b698-40a0-95d8-2eea6e774ba4,"No one can doubt the commitment of K-pop fans. By co-founding the climate justice collective Kpop4Planet, National Geographic 33 changemakers Nurul Sarifah and Hyekyeong Kim harness fan fervor to achieve green commitments from global brands, including Hyundai and the label behind K-pop sensation Blackpink. 

Read more about how Kim and Sarifah are mobilizing K-pop fans to fight climate change: https://on.natgeo.com/EW61Nv

The National Geographic 33—inspired by our 33 founders—is an initiative honoring changemakers who are rising to meet the most critical challenges of our time, making meaningful progress and incredible breakthroughs. #NatGeo33",,2026-03-22T00:14:30.674Z,,PUBLISHED,2026-03-30T00:14:30.674Z,,,,
1168e2b5-8f4d-4686-93d2-5dd10f05de5e,b1880d5a-11cc-408c-baa2-55dd1b4cc000,"GUESS | Dưới ánh đèn điện ảnh mê hoặc, ca sĩ Hòa Minzy quyến rũ trong chiếc đầm GUESS trễ vai tinh tế. Những chi tiết đính kết lấp lánh trên nền vải đen huyền bí không chỉ tôn lên sắc vóc thanh mảnh mà còn khắc họa rõ nét hình ảnh quý cô kiêu sa, độc lập và tràn đầy sức hút. #LoveGUESS

📍 Hệ thống cửa hàng: https://bit.ly/GUESSVietnam-storesa   
🛍 Shop online: https://bit.ly/GUESSVietnam",,2026-03-24T00:12:41.662Z,,PUBLISHED,2026-03-30T00:12:41.662Z,,,,
11eef5f8-fdee-4a9a-bb90-fecaa904477a,5a3c02df-6c93-4aae-b63e-f598c32df599,How the Long-Lost Body of Richard III Was Found Under a Parking Lot: Solving a 500-Year-Old Mystery,,2026-03-15T00:11:49.083Z,,PUBLISHED,2026-03-30T00:11:49.083Z,,,,
12591a2b-6647-44b9-b346-b641215c7233,06339fa5-01b2-495c-8f7d-a40e941ceecf,"MUA VÀNG Ở BẢO TÍN MINH CHÂU: DƯỚI 2 CHỈ NHẬN NGAY, ĐƠN HÀNG LỚN VẪN CẦN GIẤY HẸN

Sau chuỗi ngày “sốt nóng”, thị trường vàng tại Hà Nội sáng 27/3 đã hạ nhiệt rõ rệt. Bảo Tín Minh Châu áp dụng cách bán: Mua ít nhận vàng liền, mua nhiều hẹn tháng 4.

#Vietnamnet #Kinhdoanh",,2026-03-10T00:15:04.278Z,,PUBLISHED,2026-03-30T00:15:04.278Z,,,,
12922e3e-c890-427a-8450-63f8f7a64292,e6eecc77-6d92-46df-b92d-7ee2391ae019,"Tesla is recruiting Terafab engineers in Palo Alto and Austin while SpaceX is also ramping up silicon hiring, according to job listings.

(Credit: Getty Images)

#Tesla #ElonMusk #Terafab #SpaceX",,2026-03-09T00:16:58.388Z,,PUBLISHED,2026-03-30T00:16:58.388Z,,,,
1295333c-e733-4f2a-879c-e90d0a44a571,160b6d37-539a-4c4c-8d0f-60674c5e1575,Happy birthday to the Queen of Motown! 🎉🎶,,2026-03-04T00:14:30.442Z,,PUBLISHED,2026-03-30T00:14:30.442Z,,,,
12d23051-7cf4-47e5-9955-df42231ca6e6,0eaf3dab-44d0-4bc9-a5ad-7ef101236200,"🎮 NVIDIA DLSS 5 – KHI AI ""HALLUCINATE"" RA CẢ THẾ GIỚI ẢO MÀ BẠN KHÔNG THỂ PHÂN BIỆT VỚI THẬT! 🔥

- Game không còn trông như game nữa.
- Bạn nghĩ DLSS chỉ là ""làm mịn"" hình ảnh?
DLSS 5 còn hơn thế: AI tự sinh ra khung hình mới, không phải GPU render.

1. 🧠 Công nghệ Multi Frame Generation:
- AI ""hallucinate"" tạo frame xen giữa các frame thật
- Chuyển động mượt đến mức không thể tin được
- Chạy ngon trên cả phần cứng tầm trung

2. ✨ Kết quả:
- Frame rate tăng gấp 8 lần so với render gốc
- Chất lượng hình ảnh vượt cả 4K thật
- Chi tiết nhỏ nhất (khói, tóc, ánh sáng) được AI tái hiện chính xác, real-time

👉 Game AAA giờ chạy như phim Hollywood – nhưng bạn là người điều khiển!

📌 Nguồn: NVIDIA chính thức – nvidia.com

#DLSS5 #NVIDIA #Gaming #RTX #NextGenGraphics",,2026-03-01T00:16:04.885Z,,PUBLISHED,2026-03-30T00:16:04.885Z,,,,
135bc91b-fb1b-496e-834e-e0994004d3a8,1c4762f2-1dc9-47f4-847b-764ef074ce9b,"Iran has begun laying mines in the Strait of Hormuz, a critical waterway that carries about one-fifth of the world’s oil. 

US intelligence sources say only a few dozen mines have been placed so far, but Iran still has most of its small boats and mine-laying vessels, giving it the ability to deploy hundreds more.

The US military has struck 16 Iranian mine-laying vessels near the strait. President Donald Trump warned Iran to remove any mines “IMMEDIATELY” or face “consequences at a level never before seen.” 

Secretary of Defense Pete Hegseth said the strikes were aimed at stopping Iran from holding the strait “hostage.”

The strait has been effectively blocked amid ongoing US-Israel-Iran tensions, with nearly 15 million barrels per day of crude oil and 4.5 million barrels of refined fuels stranded. 

Iran’s Islamic Revolutionary Guard Corps has warned that any ships passing through could be attacked.

The crisis has pushed global oil prices sharply higher, and the G7 has talked about releasing more oil reserves to help ease shortages. US intelligence says mining has started but it’s unclear how widespread it is, though Iran could expand the threat if it chooses.

#StraitOfHormuz #IranMines #OilCrisis #IranTensions #MiddleEast",,2026-03-10T00:17:15.506Z,,PUBLISHED,2026-03-30T00:17:15.506Z,,,,
135bebca-03e4-49b9-be02-8266bb3f8456,b1880d5a-11cc-408c-baa2-55dd1b4cc000,"Chị em muốn ngày càng sang và khí chất, hãy chú ý điều này  #melamdep #phoidonu #phoidoxinh #thoitrang",,2026-03-12T00:12:20.960Z,,PUBLISHED,2026-03-30T00:12:20.960Z,,,,
13910799-e71f-418e-b006-0a4292d2cc9e,b1880d5a-11cc-408c-baa2-55dd1b4cc000,"Ngại mặc váy 2 dây vì sợ lộ cánh tay, tham khảo 4 cách này  #melamdep #phoidonu #phoidoxinh #thoitrang",,2026-03-12T00:12:20.962Z,,PUBLISHED,2026-03-30T00:12:20.962Z,,,,
139d6d0e-63d6-4ce2-b737-9ff9bf06593d,0eaf3dab-44d0-4bc9-a5ad-7ef101236200,"🚦 LOCKING, BLOCKING, DEADLOCK – KHI DATABASE ""KẸT XE"" VÀ CÁCH CỨU THOÁT! 🛑

Bạn đã bao giờ thấy ứng dụng bị treo, không rõ lý do, và database thì báo ""deadlock detected""?
Đó là lúc các ""cuộc đua"" trong database xảy ra. Nhìn hình này là hiểu ngay 3 hiện tượng kinh điển! 👇

🔒 1. LOCKING – ""Khoá cửa"" khi có người đang dùng
- Ví dụ thực tế:
Bạn vào nhà vệ sinh công cộng, cánh cửa hiện chữ ""IN USE"". Người bên trong đã khóa cửa lại – bạn không thể vào cho đến khi họ ra.

- Trong database:
Một session (kết nối) đang cập nhật một dòng dữ liệu (UPDATE, DELETE, INSERT), nó sẽ khóa (lock) dòng đó để các session khác không thể sửa cùng lúc, tránh dữ liệu bị xung đột.

📌 Ví dụ cụ thể:
- Session A: UPDATE accounts SET balance = balance - 100 WHERE id = 1;
- Session B muốn đọc tài khoản này cũng có thể bị chặn tùy theo mức độ cô lập (isolation level).

🚫 2. BLOCKING – ""Xếp hàng chờ"" đến lượt
- Ví dụ thực tế:
Bạn đang đợi đến lượt vào nhà vệ sinh. Người bên trong chưa ra, bạn đứng chờ – không thể làm gì khác.

- Trong database:
Khi một session khóa dữ liệu, session khác muốn truy cập dữ liệu đó sẽ bị block (chặn) , phải chờ session trước giải phóng khóa.

📌 Ví dụ cụ thể:
- Session A: UPDATE products SET stock = stock - 1 WHERE id = 5; (chưa commit)
- Session B: SELECT * FROM products WHERE id = 5; (bị block cho đến khi A commit hoặc rollback)

- Hậu quả: Nếu A quên commit hoặc mất kết nối, các session khác sẽ chờ vô thời hạn → ứng dụng ""đứng hình"".

💀 3. DEADLOCK – ""Đâm đầu"" vào nhau, không ai nhường
- Ví dụ thực tế:
Hai chiếc xe đâm đầu vào nhau trên cầu hẹp. Xe A muốn qua, nhưng bị xe B chắn; xe B muốn qua, bị xe A chắn. Cả hai không thể di chuyển – tắc đường hoàn toàn.

- Trong database:
Hai session mỗi session giữ một khóa, và cùng muốn giành khóa của session kia. Không session nào chịu nhả khóa → chờ nhau vô hạn.

📌 Ví dụ cụ thể:
- Session A:
UPDATE orders SET status = 'paid' WHERE id = 100; (khóa dòng orders 100)
UPDATE payments SET status = 'completed' WHERE id = 50; (chờ khóa payments 50)

- Session B:
UPDATE payments SET status = 'failed' WHERE id = 50; (khóa payments 50)
UPDATE orders SET status = 'canceled' WHERE id = 100; (chờ khóa orders 100)

- Kết quả: A chờ B, B chờ A – deadlock. Database sẽ tự động phát hiện và hủy bỏ (kill) một trong hai session để giải cứu.

II. 🛠️ LÀM SAO TRÁNH DEADLOCK?
✅ Luôn truy cập các bảng theo cùng một thứ tự (ví dụ: luôn update orders trước, payments sau).
✅ Giữ transaction ngắn nhất có thể – commit sớm.
✅ Tránh user interaction trong transaction – không để người dùng nhập liệu khi đang giữ khóa.
✅ Sử dụng timeout hợp lý để tránh block kéo dài.
✅ Theo dõi database log để phát hiện deadlock sớm.

III. 🎯 KẾT LUẬN
Locking là cơ chế bảo vệ dữ liệu, Blocking là hệ quả tất yếu, còn Deadlock là tình huống ""không lối thoát"" mà database phải xử lý. Hiểu rõ ba khái niệm này giúp bạn viết transaction an toàn, tránh ứng dụng bị treo oan uổng.

👉 Bạn đã từng gặp deadlock trong dự án chưa? Comment bên dưới để chia sẻ nhé!

⭐ P/S: Bạn muốn nắm vững database, transaction và tối ưu hiệu năng?
👉 Kết nối với Thầy ngay – Mentor 1:1, dạy kèm cá nhân hóa, giúp bạn hiểu sâu và làm chủ công nghệ! 🚀

#Database #Locking #Blocking #Deadlock #SQL #Transaction #Performance #Backend

Lưu bài này lại, lúc gặp ""deadlock detected"" còn có mà xem! 📌",,2026-03-22T00:16:04.885Z,,PUBLISHED,2026-03-30T00:16:04.885Z,,,,
13a0a3c1-c5c1-4de0-b897-60e48de6008f,a6022d31-7bf8-43d3-a8c6-6470fecff46f,"Thông điệp cuối tháng 3: mời bạn đọc và hoan hỉ đón nhận 👻

🎟️Đặt vé tại đây: https://bit.ly/CGV-SCREAM-7

🔪TIẾNG THÉT 7
🔥 Đang chiếu tại rạp
⚠️Chỉ dành cho khán giả từ 18 tuổi
#Scream7 #TiengThet7",,2026-03-17T00:13:50.703Z,,PUBLISHED,2026-03-30T00:13:50.703Z,,,,
13a4b7af-b0a4-4e96-bd01-c23f4cc5aac0,cd18b325-af17-4a51-899b-d917f57eb898,"""Iran doesn't seem to be susceptible to the art of the deal，"" writes Stephen Collinson | Analysis https://cnn.it/4dIQ7mH",,2026-03-25T00:15:26.314Z,,PUBLISHED,2026-03-30T00:15:26.314Z,,,,
13d3ef48-8673-45cd-82a8-c899849f4829,e80c9d9f-94e9-46db-85a6-1a3fd705818b,"Xem VCS để thăng hoa cảm xúc như anh Caps ☝️

Vòng Playoffs VCS 2026 Mùa Hè sẽ diễn ra hết tuần này. Giải sẽ khởi tranh từ 17h00 hôm nay trên các kênh sóng của VCS LMHT.",,2026-03-15T00:13:17.514Z,,PUBLISHED,2026-03-30T00:13:17.514Z,,,,
14298e76-b6ae-4f21-a445-2b7ce5a8dc1d,a6022d31-7bf8-43d3-a8c6-6470fecff46f,"Mời cả nhà mình cùng tham quan nhà của Vinh nheee, góc nhỏ để livestream cũng như chơi game cũng đã được hé lộ 🤟🤩 

---------
ANH HÙNG - Khởi chiếu từ 24.4.2026 - Dịp lễ Giỗ Tổ Hùng Vương và Đại lễ 30/4 - 1/5
#AnhHung #AnhHungMovie #DoanThevinh #HKFilm #VPictures #CGVCinemasVietnam",,2026-03-24T00:13:50.702Z,,PUBLISHED,2026-03-30T00:13:50.702Z,,,,
1449e0df-4d95-4e35-b39a-ada265bafec7,e6eecc77-6d92-46df-b92d-7ee2391ae019,"The note comes as the company gears up for layoffs. Business Insider reported that some managers were tasked with drawing up cost-cutting plans.

(Credit: Getty Images)

#Meta #layoffs #techjobs",,2026-03-29T00:16:58.388Z,,PUBLISHED,2026-03-30T00:16:58.388Z,,,,
1469b80f-6651-4949-bf79-b60d37c4056f,201ca225-be01-440e-94d0-8de62bff41b0,"With its UFO-like display, the cuttlefish may look like it’s trying to get attention—but its intent is anything but. 

The undulating black stripes confuse prey, making the creatures all but invisible to crabs and other victims: https://scim.ag/4cqujd1 #ScienceMagArchives",,2026-03-20T00:16:21.988Z,,PUBLISHED,2026-03-30T00:16:21.988Z,,,,
147213bd-e614-4c94-afd5-06581ab817d2,a6f43c21-de9d-4c11-b41d-c22d63b8579f,"🇻🇳🤝 🇰🇭 Tổng Bí thư Tô Lâm tiếp Phó Chủ tịch Đảng Nhân dân Campuchia Men Sam An

Chiều ngày 23.3.2026, tại trụ sở Trung ương Đảng, Tổng Bí thư Ban Chấp hành Trung ương Đảng Cộng sản Việt Nam Tô Lâm đã tiếp bà Men Sam An - Phó Chủ tịch Đảng Nhân dân Campuchia, Chủ tịch Hội đồng Quốc gia Mặt trận Đoàn kết Phát triển Tổ quốc Campuchia nhân dịp sang thăm, làm việc tại Việt Nam theo lời mời của Chủ tịch Ủy ban Trung ương Mặt trận Tổ quốc Việt Nam.

Tại buổi tiếp, Tổng Bí thư Tô Lâm đánh giá cao chuyến thăm của bà Men Sam An và đoàn đại biểu cấp cao Hội đồng Quốc gia Mặt trận Đoàn kết Phát triển Tổ quốc Campuchia, góp phần quan trọng vào việc tăng cường hợp tác gắn bó giữa cơ quan Mặt trận hai nước, củng cố quan hệ láng giềng tốt đẹp hữu nghị truyền thống, hợp tác toàn diện, bền vững lâu dài giữa Việt Nam và Campuchia.

Tổng Bí thư Tô Lâm chúc mừng cơ quan Mặt trận hai nước đã ký Thỏa thuận hợp tác giai đoạn 2026-2031; khẳng định Đảng và Nhà nước Việt Nam luôn dành ưu tiên cao cho mối quan hệ hữu nghị với Campuchia, ủng hộ Campuchia phát triển hòa bình, ổn định, đồng thời tạo mọi điều kiện thuận lợi để cơ quan Mặt trận hai nước tích cực triển khai các thỏa thuận đạt được và tăng cường hợp tác chặt chẽ.

Phó Chủ tịch Đảng Nhân dân Campuchia, Chủ tịch Hội đồng Quốc gia Mặt trận Đoàn kết Phát triển Tổ quốc Campuchia Men Sam An chúc mừng Việt Nam đã tổ chức thành công bầu cử Đại biểu Quốc hội khóa XVI và Đại biểu Hội đồng nhân dân các cấp nhiệm kỳ 2026-2031, đặc biệt với tỉ lệ cử tri đi bầu đạt hơn 99%; bày tỏ tin tưởng dưới sự lãnh đạo sáng suốt, tầm nhìn xa của Đảng Cộng sản Việt Nam do Tổng Bí thư Tô Lâm đứng đầu, Việt Nam sẽ tiếp tục phát triển, đạt được các mục tiêu đề ra; bày tỏ vui mừng về những kết quả to lớn mà Việt Nam đạt được và coi đó cũng là những thành tựu của Campuchia.

Phó Chủ tịch Đảng Nhân dân Campuchia Men Sam An cho biết đất nước Campuchia luôn quan tâm và coi Việt Nam là người bạn láng giềng tốt, chân thành, luôn giúp đỡ nhau trong lúc khó khăn, đặc biệt là sự giúp đỡ của quân tình nguyện và nhân dân Việt Nam trong công cuộc giải phóng Campuchia thoát khỏi chế độ diệt chủng vào ngày 7.1.1979 và nhắc lại lời của Chủ tịch Đảng Nhân dân Campuchia Hun Sen nếu không có sự hy sinh, giúp đỡ của Việt Nam thì sẽ không có Campuchia ngày nay.

Bà Men Sam An khẳng định sẽ phối hợp chặt chẽ với Mặt trận Tổ quốc Việt Nam đẩy mạnh giao lưu nhân dân, hợp tác văn hóa, y tế, giáo dục - đào tạo, nhất là hợp tác giữa các tỉnh đối biên. Bày tỏ ấn tượng trước lượng khách du lịch Việt Nam thăm Campuchia tăng mạnh thời gian qua, bà Men Sam An cũng mong muốn cơ quan liên quan phía Việt Nam chia sẻ kinh nghiệm phát triển du lịch trong thời gian tới.

Tổng Bí thư Tô Lâm và Phó Chủ tịch Đảng Nhân dân Campuchia, Chủ tịch Hội đồng Quốc gia Mặt trận Đoàn kết Phát triển Tổ quốc Campuchia Men Sam An bày tỏ tin tưởng rằng quan hệ hợp tác giữa hai Đảng, hai nước tiếp tục được củng cố, phát triển hiệu quả vì lợi ích của nhân dân hai nước, góp phần vào hòa bình, ổn định của khu vực và trên thế giới.",,2026-03-07T00:15:44.196Z,,PUBLISHED,2026-03-30T00:15:44.196Z,,,,
14a6a5de-e4fb-4730-920f-c055df71befd,56257f1b-41d6-4f2e-9ef2-9195f5117a85,"Direct message from Satoshi Hino, the seiyuu of Itecho Kangetsu: 'Agents of the Four Seasons: Dance of Spring' is coming in 4 days!

Anime Title: 《Agents of the Four Seasons: Dance of Spring》
📅Starts on March 29, every Sunday at 00:30(GMT+8)
—————————————————
More information about platforms will be updated soon. Stay tuned!⚠️",,2026-03-16T00:11:30.414Z,,PUBLISHED,2026-03-30T00:11:30.414Z,,,,
1522bd5d-193b-4892-ac2e-828700e729d3,30136847-6d1f-422e-8305-905be06557ab,‼️ Tước danh hiệu Công an nhân dân đối với cán bộ công an liên quan vụ tai nạn giao thông khiến nữ sinh tử vong,,2026-03-24T00:14:48.858Z,,PUBLISHED,2026-03-30T00:14:48.858Z,,,,
154a844f-da0e-4d5f-93ec-9cf69cb60b27,a6f43c21-de9d-4c11-b41d-c22d63b8579f,"Sau sự ""ra đi"" của nhân vật quyền lực thứ hai của Iran, liệu Trung Đông sẽ xoay chiều ra sao? 

#cmt #ccnnews #chinhtrivietnam #tinnoichinh #trungdong",,2026-03-18T00:15:44.196Z,,PUBLISHED,2026-03-30T00:15:44.196Z,,,,
159674d6-c49c-4f9a-bc18-a82848772cd1,30136847-6d1f-422e-8305-905be06557ab,🇻🇳 ✈ 🇶🇦 Khôi phục vận tải hàng không giữa Qatar và Việt Nam,,2026-03-05T00:14:48.858Z,,PUBLISHED,2026-03-30T00:14:48.858Z,,,,
15b2e7b7-e45b-4507-b8be-7ad628f8aae4,0eaf3dab-44d0-4bc9-a5ad-7ef101236200,freeCodeCamp – Học lập trình miễn phí từ cơ bản đến nâng cao. #28tech,,2026-03-10T00:16:04.887Z,,PUBLISHED,2026-03-30T00:16:04.887Z,,,,
15c12327-99c1-4ccc-a6bd-edf8189cbb25,5a3c02df-6c93-4aae-b63e-f598c32df599,"While there have been over 60 seasons of Bachelor Nation content, there are only 35 couples from the franchise still together. https://bit.ly/4cYhZTN",,2026-03-26T00:11:49.083Z,,PUBLISHED,2026-03-30T00:11:49.083Z,,,,
15c14e45-7163-478b-97cc-601f25765fb1,ecb51e1a-b698-40a0-95d8-2eea6e774ba4,"Concerned by the declining health that kept her mom from mother-daughter hikes, roboticist and National Geographic 33 changemaker Kathryn Zealand took an interest in mobility-focused wearable tech. Now her company, Skip, is about to deliver its first robotic outerwear—the first step to aiding sufferers of movement disorders like Parkinson’s. Find out more about how Zealand’s innovations in wearable tech are helping people regain mobility: https://on.natgeo.com/WMcr3w

The National Geographic 33—inspired by our 33 founders—is an initiative honoring changemakers who are rising to meet the most critical challenges of our time, making meaningful progress and incredible breakthroughs. #NatGeo33",,2026-03-12T00:14:48.646Z,,PUBLISHED,2026-03-30T00:14:48.646Z,,,,
15e17852-7f3a-440c-9672-fb674868e387,a6022d31-7bf8-43d3-a8c6-6470fecff46f,Một vài hình ảnh mới nhất từ trailer live action “SAKAMOTO DAYS“,,2026-03-04T00:13:50.703Z,,PUBLISHED,2026-03-30T00:13:50.703Z,,,,
15f1a1d9-b874-45b3-bf9d-4cf595ec0b9e,65e6c099-cd94-4bd7-865a-0a51dc5156fa,"Is fashion really one big boys club? Or are we just looking in the wrong places?
",,2026-03-14T00:12:20.723Z,,PUBLISHED,2026-03-30T00:12:20.723Z,,,,
1612d184-025a-43af-b215-dd4dcc58db7d,ec1e627a-5418-4713-920d-29496f252009,Try not to tear up when you see him today — check the comments 👇🏻,,2026-03-11T00:11:14.426Z,,PUBLISHED,2026-03-30T00:11:14.426Z,,,,
1619296a-95d5-4fbf-a339-42de17cc1f40,063ce956-10ac-4677-a744-7ad0b829f7a0,NÓNG: Binance tuyển Tổng Giám đốc tại Việt Nam,,2026-03-07T00:12:04.870Z,,PUBLISHED,2026-03-30T00:12:04.870Z,,,,
163ec46c-c14f-4689-a803-3d792f88a33e,ecb51e1a-b698-40a0-95d8-2eea6e774ba4,"It’s all about meet cutes for these owls, according to Ron Funches.",,2026-03-07T00:14:30.674Z,,PUBLISHED,2026-03-30T00:14:30.674Z,,,,
166ce3b5-4b3c-4c81-b7e7-790563b21cd0,057c3369-0766-457a-9b06-b8241bbfb888,This helicopter moment went wrong fast!,,2026-03-24T00:13:33.531Z,,PUBLISHED,2026-03-30T00:13:33.531Z,,,,
167839df-1d47-4a20-bb4c-493e7bf57141,0e3444b0-651e-4117-b47b-817069dec9e7,The FIFA World Cup is returning to Mexico for a third time 🇲🇽🏟️,,2026-03-12T00:16:38.129Z,,PUBLISHED,2026-03-30T00:16:38.129Z,,,,
168e9697-00f6-4ce0-8b73-497644d5cc87,99b31143-ccb7-4122-a183-d27b9191a3e4,(No text content),,2026-03-01T00:13:17.292Z,,PUBLISHED,2026-03-30T00:13:17.292Z,,,,
16992d0e-eb47-4daf-98bb-1eacbe2cc0f6,0eaf3dab-44d0-4bc9-a5ad-7ef101236200,"Our next-gen data center in El Paso, Texas is officially growing to 1GW. Here are a few updates:

📐 The build: We're increasing our investment from $1.5B to more than $10B, supporting 4,000+ construction jobs at peak + 300 permanent operational roles once complete.

🎓 The community: A new $500K workforce development partnership with El Paso Public Schools will connect students with career paths in STEM + trades through real-world learning experiences.

💧 Water stewardship: The data center's closed-loop cooling system means zero operational water use most of the year. We're also partnering with DigDeep to bring clean water to 100+ homes for the first time and Bonneville Environmental Foundation to restore millions of gallons annually through new irrigation tech for local farmers.

Learn more here: https://about.fb.com/news/2025/10/metas-new-ai-optimized-data-center-el-paso/",,2026-03-17T00:16:04.884Z,,PUBLISHED,2026-03-30T00:16:04.884Z,,,,
16b86778-1e59-4e3c-826f-d6da619502be,56257f1b-41d6-4f2e-9ef2-9195f5117a85,"SAU CƠN SỐT LIVE-ACTION ONE PIECE, TOMORROW STUDIOS TIẾP TỤC SẢN XUẤT LIVE-ACTION CHO ""SAMURAI CHAMPLOO""

Trong bối cảnh mùa thứ hai của One Piece vừa chính thức ""lên sàn"" và gây bão toàn cầu, Tomorrow Studios – đơn vị đứng sau các dự án chuyển thể đình đám – đã khiến giới mộ điệu đứng ngồi không yên khi xác nhận đang bắt tay vào dự án live-action cho Samurai Champloo. 

Theo thông tin từ Variety, đây là dự án hợp tác giữa nhà sản xuất Marty Adelstein (người làm nên tên tuổi của Prison Break) và ITV Studios, hứa hẹn sẽ mang đến một hơi thở mới cho tác phẩm huyền thoại của đạo diễn Shinichirō Watanabe.

Điểm khiến người hâm mộ yên tâm nhất trong lần công bố này chính là sự tham gia trực tiếp của Shinichirō Watanabe – người đã tạo nên bản anime gốc năm 2004. 

Khác với dự án Cowboy Bebop trước đây vốn nhận về nhiều ý kiến trái chiều và bị hủy bỏ sớm sau mùa 1 (tháng 12/2021), nhà sản xuất Becky Clements thừa nhận lần này Watanabe sẽ có vai trò sáng tạo sâu sắc hơn.

Mặc dù dự án hiện vẫn đang ở giai đoạn phát triển sơ khai và chưa chính thức cập bến nhà đài nào, nhưng Tomorrow Studios cho biết họ đã nhận được ""rất nhiều cuộc gọi"" bày tỏ sự quan tâm đặc biệt. 

Định hướng của đội ngũ là giữ trọn những yếu tố cốt lõi đã làm nên thương hiệu của bộ phim, đồng thời cập nhật chất liệu để phù hợp với thị hiếu của khán giả truyền hình đương đại.

Nội dung phim vẫn sẽ xoay quanh bộ ba đầy rẫy sự tương phản: Mugen – gã chiến binh hoang dã, phóng túng; Jin – kiếm khách lãng du điềm tĩnh, quy củ; và Fuu – cô nàng bồi bàn vụng về nhưng quả cảm. 

Hành trình đi tìm ""người võ sĩ có mùi hoa hướng dương"" của họ không chỉ là những màn đấu kiếm mãn nhãn mà còn là sự phá bỏ mọi định kiến về dòng phim Samurai truyền thống, tất cả được hòa quyện trên nền nhạc Hip-hop đầy lôi cuốn.

Dù quá khứ từng có nốt trầm mang tên Cowboy Bebop, nhưng với kinh nghiệm xương máu và sự đồng hành chặt chẽ của chính tác giả nguyên tác, Samurai Champloo bản người đóng đang được kỳ vọng sẽ trở thành một ""siêu phẩm"" tiếp theo, nối dài chuỗi thành công của hãng trên các nền tảng trực tuyến.

Nguồn: Anime News Network via TAIHEN.
#taihennet #taihenvn",,2026-03-19T00:11:30.414Z,,PUBLISHED,2026-03-30T00:11:30.414Z,,,,
16c2ed9f-0c27-4dba-b989-9b6316ea56dc,e80c9d9f-94e9-46db-85a6-1a3fd705818b,POV: những người bị ragebait :v,,2026-03-29T00:13:17.515Z,,PUBLISHED,2026-03-30T00:13:17.515Z,,,,
16c87081-31a4-4cb9-9668-24cea45d6db9,65e6c099-cd94-4bd7-865a-0a51dc5156fa,"More formulas, more inclusivity—and serious salon-level shine.
",,2026-03-14T00:12:20.723Z,,PUBLISHED,2026-03-30T00:12:20.723Z,,,,
16c98352-af8e-495b-9081-1a3d56744eb8,063ce956-10ac-4677-a744-7ad0b829f7a0,"Iran bắt đầu thu phí qua eo biển Hormuz, tới 2 triệu USD/chuyến tàu",,2026-03-17T00:12:04.870Z,,PUBLISHED,2026-03-30T00:12:04.870Z,,,,
16cff05b-40b9-4ddb-b4f8-e260ade8574f,ae348cee-3ed1-415d-b557-79810deda907,BREAKING: Liverpool have confirmed that Mo Salah will leave the club at the end of the season 🚨,,2026-03-15T00:16:57.604Z,,PUBLISHED,2026-03-30T00:16:57.604Z,,,,
16dcfae7-5006-49a5-a545-81cb1eea67cf,06339fa5-01b2-495c-8f7d-a40e941ceecf,"Trong 38 năm phát triển, Agribank tham gia tài trợ nhiều dự án hạ tầng, năng lượng, giao thông, góp phần hoàn thiện hệ thống logistics, an ninh năng lượng và hỗ trợ tăng trưởng kinh tế.

#ADS",,2026-03-05T00:15:04.278Z,,PUBLISHED,2026-03-30T00:15:04.278Z,,,,
16fa17da-eddb-4e04-88ae-06b4c2a14f23,0eaf3dab-44d0-4bc9-a5ad-7ef101236200,"🌐 15 THUẬT NGỮ API QUAN TRỌNG – HIỂU NGAY QUA VÍ DỤ THỰC TẾ! 🚀

Bạn gọi API hàng ngày khi dùng app, lướt web, nhưng có bao giờ tự hỏi ""API"" thực sự là gì?
Dưới đây là 15 thuật ngữ API cốt lõi kèm ví dụ thực tế, đọc xong là nhớ ngay! 👇

I. 📦 NHÓM CƠ BẢN
1. API
📌 Định nghĩa: Cầu nối cho phép các phần mềm nói chuyện với nhau.
🍜 Ví dụ: Bạn gọi món qua nhân viên phục vụ. Nhân viên là API – trung gian giữa bạn (client) và bếp (server).

2. Request
📌 Định nghĩa: Client gửi yêu cầu lên server.
🍜 Ví dụ: Bạn nói ""Cho tôi một tô phở bò"" – đó là request.

3. Response
📌 Định nghĩa: Server trả kết quả về cho client.
🍜 Ví dụ: Nhân viên bưng ra tô phở nóng hổi – đó là response.

4. Endpoint
📌 Định nghĩa: Đường dẫn cụ thể để truy cập một chức năng của API.
🍜 Ví dụ: Trong nhà hàng, ""quầy bánh mì"" và ""quầy phở"" là các endpoint khác nhau.

5. Parameters
📌 Định nghĩa: Thông tin bổ sung gửi kèm request.
🍜 Ví dụ: ""Cho tôi phở bò, thêm hành, ít béo"" – ""thêm hành, ít béo"" là parameters.

II. 🔐 NHÓM BẢO MẬT
1. Authentication
📌 Định nghĩa: Xác thực danh tính người gọi.
🍜 Ví dụ: Bạn xuất trình thẻ thành viên trước khi order – đó là authentication.

2. Authorization
📌 Định nghĩa: Kiểm tra xem bạn được làm gì.
🍜 Ví dụ: Bạn là thành viên VIP được vào phòng riêng, còn khách thường chỉ ngồi ngoài.

3. API Key
📌 Định nghĩa: Mã định danh đơn giản cho client.
🍜 Ví dụ: Như mã số thẻ thành viên – mỗi lần order bạn đưa mã đó.

4. OAuth
📌 Định nghĩa: Framework ủy quyền an toàn.
🍜 Ví dụ: Bạn cho app đọc ảnh trên Google Photos mà không cần cho mật khẩu Gmail.

III. 📨 NHÓM KỸ THUẬT
1. JSON
📌 Định nghĩa: Định dạng trao đổi dữ liệu nhẹ.
🍜 Ví dụ: Tờ order ghi:
{""món"": ""phở bò"", ""size"": ""lớn"", ""thêm"": ""hành""}

2. HTTP Methods
📌 Định nghĩa: Các thao tác chuẩn trên tài nguyên.
🍜 Ví dụ:
- GET – Xem menu
- POST – Gọi món mới
- PUT – Sửa món đã gọi
- DELETE – Hủy món

3. Status Codes
📌 Định nghĩa: Mã trạng thái báo kết quả request.
🍜 Ví dụ:
- 200 OK – Phở ra rồi
- 404 Not Found – Món không có trong menu
- 500 Internal Server Error – Bếp cháy!

4. Headers
📌 Định nghĩa: Chứa metadata của request/response.
🍜 Ví dụ: Ghi chú kèm order: ""Người gửi: Bàn 5"", ""Kiểu order: take away"".

IV.⚡ NHÓM NÂNG CAO
1. Rate Limiting
📌 Định nghĩa: Giới hạn số request trong khoảng thời gian.
🍜 Ví dụ: Quán chỉ phục vụ tối đa 100 khách/giờ, hết thì xếp hàng chờ.

2. Webhook
📌 Định nghĩa: Callback tự động khi có sự kiện.
🍜 Ví dụ: Khi món ăn xong, nhân viên bưng ra tận bàn thay vì bạn phải ra quầy hỏi.

V. 🎯 TÓM LẠI – LUỒNG API ĐIỂN HÌNH
Bạn (Client) → Gọi món (Request + Method + Endpoint + Headers + Parameters)  
               ↓  
          Nhân viên kiểm tra thẻ (Authentication + Authorization)  
               ↓  
          Bếp (Server) xử lý  
               ↓  
          Nhân viên bưng ra (Response + Status Code + JSON)  
               ↓  
Bạn nhận món và ăn (Done!)

👉 Nắm vững 15 thuật ngữ này, bạn sẽ tự tin đọc doc API, debug lỗi và tích hợp mượt mà như dân chuyên!

⭐ P/S: Bạn muốn nắm vững API, từ thiết kế đến triển khai thực tế?
👉 Kết nối với Thầy ngay – Mentor 1:1, dạy kèm cá nhân hóa, giúp bạn hiểu sâu và làm thực chiến! 🚀

#API #WebDevelopment #BackendDev #RESTfulAPI #SoftwareEngineering #LapTrinhVien #SinhVienIT #HocLapTrinh",,2026-03-26T00:16:04.885Z,,PUBLISHED,2026-03-30T00:16:04.885Z,,,,
1727d8e0-200f-4335-ae46-26dae7eab705,a6022d31-7bf8-43d3-a8c6-6470fecff46f,"TOÀN CẢNH TỪNG BƯỚC KĨ XẢO LÀM NÊN NHỮNG THƯỚC PHIM KINH DỊ TRONG QUỶ NHẬP TRÀNG 2 😲

Thì ra, chúng ta đã bị hù có tính toán 🤫

👉 Đặt vé ngay: https://bit.ly/CGV-QNT-2
---------------------------------
QUỶ NHẬP TRÀNG 2 - Đang chiếu tại rạp

#QuyNhapTrang2 #AMF #KhaNhu #NgocHuong #QuangTuan #DoanQuocDam #VanDung #DaoAnhTuan #ThanhHien #LeThuy #PhuongBinh",,2026-03-25T00:13:33.745Z,,PUBLISHED,2026-03-30T00:13:33.745Z,,,,
172d99ab-c11c-4342-8dcb-163f61e8dc9f,b1880d5a-11cc-408c-baa2-55dd1b4cc000,"BlackPink in Paris Fashion Week 2026 💖

#MultiMediaJSC
#AquafinaVietnamInternationalFashionWeek
#ParisFashionWeek
#BlackPink",,2026-03-17T00:12:41.662Z,,PUBLISHED,2026-03-30T00:12:41.662Z,,,,
172e52b2-9d38-4cf7-8d46-691c3edc4175,1a6f6984-0412-402d-8409-78bad5452cae,"Search Live allows users to point their phone camera at objects to get real-time assistance, enabling back-and-forth conversations that draw on the visual context from the camera feed.",,2026-03-20T00:16:58.584Z,,PUBLISHED,2026-03-30T00:16:58.584Z,,,,
1735b147-5441-4842-97bd-f67eaeef2995,bb264706-0be1-43ae-997a-138bca242377,"An Iranian military spokesperson has issued a direct ultimatum to neighboring Gulf nations, demanding the immediate expulsion of U.S. forces from all regional bases. This warning comes with a clear threat of ""more damage"" to any state that continues to provide a staging ground for Western military operations against Iranian territory.

Tehran’s rhetoric is increasingly aimed at dismantling the security architecture of the Middle East by pressuring American allies to choose between their defense partnerships and their own national security. The spokesperson emphasized that Iran considers any base used for strikes as a legitimate military target, regardless of which nation hosts it.

This escalation is likely intended to capitalize on the growing domestic concerns within Gulf states over being caught in the crossfire of a full-scale war. By threatening further strikes on infrastructure, Iran is using its ballistic missile and drone capabilities as a powerful lever to force a regional shift in foreign policy.

Military analysts suggest that this ""expel or face the consequences"" approach is designed to create a ""no-fly zone"" for U.S. assets by making their presence a liability for host countries like Qatar, Bahrain, and the UAE. The threat of damage to energy facilities remains a primary concern for the global economy, as any further disruption could lead to a total market collapse.

As the 48-hour deadline for the strike pause nears its end, the region remains on a knife-edge. The international community is watching to see if Gulf leaders will bow to the pressure from Tehran or double down on their alignment with Washington to ensure long-term stability.

#Iran #GulfStates #USMilitary #BreakingNews #MiddleEast",,2026-03-21T00:15:43.980Z,,PUBLISHED,2026-03-30T00:15:43.980Z,,,,
174960fa-d6e2-446a-a00d-cdf083673d21,e5b917f7-e4e9-4cc0-b09a-f84eac91709f,"New discoveries might finally reveal how supermassive black holes are made. Using the latest technology, experts are on the verge of understanding how these monsters grow and how they affect life on our planet. #SpacesDeepestSecrets",,2026-03-20T00:16:21.781Z,,PUBLISHED,2026-03-30T00:16:21.781Z,,,,
17510337-2a4c-40f7-baf4-d7e0d927a5e5,d77e34f7-4fb7-4847-9876-d7e52dbc0739,"A hidden feature of water, long submerged, has finally been brought to the surface.
",,2026-03-16T00:16:22.180Z,,PUBLISHED,2026-03-30T00:16:22.180Z,,,,
176b3635-36d0-491d-a4fb-e752db35085f,26c15ef0-e36c-4f43-8f04-e27562146ff3,"J. Cole explained his thought process behind his Kendrick Lamar diss track ""7 Minute Drill,"" revealing he wanted to ""say just enough.""",,2026-03-03T00:14:11.411Z,,PUBLISHED,2026-03-30T00:14:11.411Z,,,,
177101fe-e6df-4b9d-9c4d-ad8b22f03b2b,0eaf3dab-44d0-4bc9-a5ad-7ef101236200,"Giám Sát Hệ Thống 24/7 Tự Động | Lỗi Là Báo Ngay 🚨
#DevOps #Monitoring #Automation #LapTrinhVien #SinhVienIT",,2026-03-09T00:16:04.885Z,,PUBLISHED,2026-03-30T00:16:04.885Z,,,,
177f3542-9f69-4c63-bdca-ad9acd503184,b1880d5a-11cc-408c-baa2-55dd1b4cc000,"ACFC X BENETTON | 𝐌𝐈𝐃 𝐒𝐄𝐀𝐒𝐎𝐍 𝐒𝐀𝐋𝐄 𝐀𝐋𝐄𝐑𝐓!

Làm mới diện mạo mùa Hè cùng Benetton với chương trình ưu đãi hấp dẫn - HOÀN TIỀN LÊN ĐẾN 1.500.000 VND.

📍Ghé ngay cửa hàng Benetton gần nhất để sở hữu những thiết kế đa phong cách và sắc màu đặc trưng từ Ý.

🔥MID SEASON SALE:
- Cashback 1.500.000 cho hoá đơn từ 5.000.000 VND
- Cashback 700.000 cho hoá đơn từ 3.500.000 VND
- Cashback 300.000 cho hoá đơn từ 2.500.000 VND

- Áp dụng từ 25.03 đến hết 31.03.2026.
- Không áp dụng đồng thời CTKM khác.

--------------------------------
TUYÊN NGÔN THỜI TRANG MÀU SẮC NỔI BẬT TỪ Ý

📍Hệ thống cửa hàng:
▪️ Tầng 2 – Crescent Mall, phường Tân Mỹ, TPHCM.
▪️ Tầng 1 – Estella Place, phường Bình Trưng, TPHCM.
➜ Mua sắm online tại ACFC: https://bit.ly/3tiqoMS
#Benettonvietnam #Benetton @Benetton #ACFC #UnitedColorsOfBenetton #UCB",,2026-03-09T00:12:20.962Z,,PUBLISHED,2026-03-30T00:12:20.962Z,,,,
179bd957-8e29-4af1-9e5b-8678426a699f,cd18b325-af17-4a51-899b-d917f57eb898,"Rejoining the bloc is ""inevitable"", London's mayor said, in an interview with Italian newspaper la Repubblica.",,2026-03-08T00:15:26.313Z,,PUBLISHED,2026-03-30T00:15:26.313Z,,,,
17a795e8-1497-4304-a5ca-7a6bef7470f9,5a3c02df-6c93-4aae-b63e-f598c32df599,"""I always say I'm two people: I'm Sarah Michelle Gellar and I'm Sarah Prinze."" https://bit.ly/4rBw7Wv",,2026-03-10T00:11:49.084Z,,PUBLISHED,2026-03-30T00:11:49.084Z,,,,
17b94a0c-66b1-4ee0-9c14-8090adfb70ca,7cbd37a4-3374-4291-bd6d-b2474273342a,Arthur becomes a dragon slayer 🔥 (via Fire Force Season 3),,2026-03-10T00:11:14.626Z,,PUBLISHED,2026-03-30T00:11:14.626Z,,,,
184f2e42-e720-425a-a42d-4f2ba106714b,e5b917f7-e4e9-4cc0-b09a-f84eac91709f,"From apple pies and Cornish pasties to croissants, lemon tarts, baklava, sticky buns, and more, get into the Pi Day mood by going behind the scenes to see how a variety of pastries are made. 🥧 🥐 #HowItsMade #PiDay",,2026-03-06T00:16:21.781Z,,PUBLISHED,2026-03-30T00:16:21.781Z,,,,
1864dce4-d839-4523-a96c-9d98c24a7371,057c3369-0766-457a-9b06-b8241bbfb888,"🏖️ HIỆU ỨNG CHIÊU THỨC | TEL’ANNAS TIỆC BÃI BIỂN 🏖️
👀 Hãy cùng ngắm nhìn Tel’Annas khuấy động chiến trường với những mũi tên mang theo làn sóng đại dương mát lành
🌊 Hiệu ứng nước mềm mại hòa cùng sắc màu nhiệt đới rực rỡ, như mang cả không khí mùa hè sôi động vào từng pha giao tranh
⏰ Đặt trước Sổ Sứ Mệnh 88 từ 27/03 để rước Tel’Annas – Tiệc Bãi Biển về đội nhé!",,2026-03-21T00:13:33.530Z,,PUBLISHED,2026-03-30T00:13:33.530Z,,,,
1882cca1-17db-4913-bea3-7755d490a8cf,4bc7eff0-091a-45f8-84ca-72276cc4fc1e,Hà Nội: Cấm toàn bộ phương tiện lưu thông trên cầu Long Biên trong 60 ngày,,2026-03-09T00:15:25.606Z,,PUBLISHED,2026-03-30T00:15:25.606Z,,,,
18958135-4996-470d-ac7f-a82db278747b,d7497b01-a9a0-4cd7-8999-666a8ca37779,"VN-Index lấy lại mốc 1.600 nhưng thanh khoản lại giảm, theo anh, đây có đủ cơ sở để coi là một nhịp hồi bền vững chưa?",,2026-03-21T00:12:04.666Z,,PUBLISHED,2026-03-30T00:12:04.666Z,,,,
189ca792-d1e5-4061-835a-b110bd7bbcb4,842d30e6-e5f4-4f6a-9040-89e907f16091,"Cận cảnh chiều cao của bộ ba sinh ba nổi tiếng Hàn Quốc, con trai Song Il Gook: Daehan với Minguk đã cao 1m85, trong khi Manse là 1m82 dù cho cả 3 chỉ mới học lớp 8 🥹",,2026-03-12T00:14:30.240Z,,PUBLISHED,2026-03-30T00:14:30.240Z,,,,
18e61586-6b3a-49b7-bca4-5fc800d6fa36,a6022d31-7bf8-43d3-a8c6-6470fecff46f,"Sức nóng của thương hiệu ""Cô Gái Đến Từ Hư Vô"" có vẻ như là chưa bao giờ hạ nhiệt. Bằng chứng là phần reboot Girl From Nowhere: The Reset vừa lên sóng tập 1 đã chễm chệ ngay Top 10 Netflix tại 28 quốc gia chỉ sau 24 giờ luôn =))))))))

Về nội dung thì chắc mọi người cũng quá quen thuộc với mô-típ bạo lực học đường và luật nhân quả đặc trưng của phim rồi, nên Movies All In sẽ không spoil thêm, tự coi và cảm nhận nha.

Dưới góc nhìn cá nhân sau khi cày xong tập đầu, Movies All In thấy kịch bản lần này chọn hướng đi khá an toàn. Phim chưa có những cú twist ""nổ 🤯🧠"", điên rồ hay vặn xoắn tâm lý rùng rợn như hai mùa trước (khi đàn ông có bầu các thứ nè). Màu phim và cách triển khai tình tiết cũng mang một vibe rất khác. Nhưng tính lại, đây mang tính chất là tập chào sân nên nhịp độ dừng ở mức vừa đủ, không quá xuất sắc bùng nổ nhưng cũng không thể đánh giá là tệ được.

Điểm lấn cấn lớn nhất và cũng là tâm điểm tranh cãi có lẽ nằm ở áp lực vô hình từ cái bóng quá lớn của Kitty Chicha. Nhắc đến Nanno là nhớ ngay đến một tượng đài mang vẻ đẹp tà đạo, quái đản cùng ánh mắt và nụ cười điên dại đến ám ảnh. Sang đến bản mới, Movies All In phải dành lời khen cho visual của nữ chính Becky Armstrong vì tạo hình xinh và nịnh mắt. Nhưng mà nét diễn của bạn nàyvẫn cho cảm giác bị ""gồng"", chưa đạt được độ ""đean"" và gai góc cần thiết. Nhiều lúc coi cảnh nữ chính spam điệu cười hẹ hẹ hẹ hổng có sợ, thấy mắc cười nhiều hơn. Rõ ràng, việc phải kế thừa một hình tượng quá iconic đang vô tình làm khó nữ diễn viên trẻ.

Đáng chú ý hơn, giữa lúc bản Thái đang gây bão thì Girl From Nowhere phiên bản Nhật Bản cũng vừa chính thức đánh tiếng với 6 tập phim (dự kiến lên sóng 24/04/2026 tới đây). Người thừa kế thứ 3 của Nanno gọi tên Nakajima Arisa - một cô gái sở hữu nét đẹp thanh thuần, trong sáng chuẩn ""nữ thần học đường"" vô hại. Và được xem là một đối thủ khá nặng ký của bản mới từ xứ chùa vàng lần này.

Chấm điểm: G/10 (Trong đó G là Gồng, mong các tập sau sẽ oki hơn nè)

#GirlfromNowhereTheReset",,2026-03-11T00:13:50.703Z,,PUBLISHED,2026-03-30T00:13:50.703Z,,,,
18eb8683-b710-4b19-a03d-7b73eba47c68,a6022d31-7bf8-43d3-a8c6-6470fecff46f,"Nó nghệ nghệ mà nó thấy ghê 😵 Sợ thiệt nha trời. 
+1 máy vote xem Scream 7 tại màn hình cực lớn ở rạp! 

🎟️Đặt vé tại đây: https://bit.ly/CGV-SCREAM-7

🔪TIẾNG THÉT 7
🔥 Đang chiếu tại rạp
⚠️Chỉ dành cho khán giả từ 18 tuổi
#Scream7 #TiengThet7",,2026-03-09T00:13:50.702Z,,PUBLISHED,2026-03-30T00:13:50.702Z,,,,
1904c388-20bc-44b6-bc08-983e84383df8,5a3c02df-6c93-4aae-b63e-f598c32df599,"Free: 356 Issues of Galaxy, the Groundbreaking 1950s Science Fiction Magazine",,2026-03-18T00:11:49.084Z,,PUBLISHED,2026-03-30T00:11:49.084Z,,,,
19099c5b-5cb8-4d53-9b15-abd306ba1d6e,5a3c02df-6c93-4aae-b63e-f598c32df599,"Christie’s will auction a selection of Irving Penn’s most iconic photographs, including portraits of Pablo Picasso and Joan Didion, from April 3rd to 17th.",,2026-03-25T00:11:30.613Z,,PUBLISHED,2026-03-30T00:11:30.613Z,,,,
19403b44-b8bb-473d-a0bc-a45ca3153d53,201ca225-be01-440e-94d0-8de62bff41b0,"Project Hail Mary follows an unlikely hero on a high-stakes journey to save humanity. Adapted from the book by Andy Weir, the film blends interstellar adventure with real-world science—an approach that sets it apart from many recent sci-fi blockbusters.

The premise may sound far-fetched, but the film grounds its story in disciplines ranging from astrophysics to microbiology, raising an intriguing question: Just how realistic is the science behind it?

To find out, Science spoke with Wendy Freedman, an astronomer at the University of Chicago who studies the evolution of the universe. Read more: https://scim.ag/4rKtWA9",,2026-03-13T00:16:21.988Z,,PUBLISHED,2026-03-30T00:16:21.988Z,,,,
19812ccc-751c-483d-833f-39527ce94e36,d7497b01-a9a0-4cd7-8999-666a8ca37779,"Một người ở Hà Nội trúng đấu giá khu đất 48A Trần Phú - Nha Trang, với giá hơn 719 tỉ đồng",,2026-03-19T00:12:04.667Z,,PUBLISHED,2026-03-30T00:12:04.667Z,,,,
19840127-74d3-4bb4-b3eb-f87738ffb52a,ec1e627a-5418-4713-920d-29496f252009,Driver stumbles upon a mother deer feeding her children!,,2026-03-12T00:11:14.426Z,,PUBLISHED,2026-03-30T00:11:14.426Z,,,,
198d143f-f64b-449b-a9db-74f077487110,7cbd37a4-3374-4291-bd6d-b2474273342a,"New alliances, new enemies, and an unprecedented special exam. The second year begins with a deserted island survival game across all grades 🔥

Classroom of the Elite Season 4 is coming to Crunchyroll this April",,2026-03-25T00:11:30.206Z,,PUBLISHED,2026-03-30T00:11:30.206Z,,,,
19b20257-bf3a-4b0a-8197-c23d60db12cc,a6022d31-7bf8-43d3-a8c6-6470fecff46f,"SAO NHÍ ""TEE YOD"" HÓA QUỶ TRONG PHIM KINH DỊ VIỆT ""PHÍ PHÔNG""

Dự án điện ảnh ""Phí Phông: Quỷ máu rừng thiêng"" chính thức hé lộ tạo hình nhân vật trung tâm do diễn viên nhí người Thái Lan Nina Nutthacha Padovan đảm nhận. Ngôi sao 12 tuổi từng gây bão toàn châu Á qua bom tấn ""Tee Yod"" sẽ có màn chào sân điện ảnh Việt trong vai Lua - một cô bé mang thân phận của Phí Phông - loài quỷ hút m á u lẩn khuất giữa vùng núi Tây Bắc.

Đáng chú ý, đồng hành cùng ác quỷ nhí gốc Thái trong dự án tâm linh này là dàn diễn viên thực lực quen thuộc của màn ảnh Việt Nam bao gồm: NSƯT Hạnh Thúy, Kiều Minh Tuấn, Diệp Bảo Ngọc và Đoàn Minh Anh. Sự kết hợp giữa khả năng diễn xuất ""quỷ ám"" xuất thần của Nina cùng kinh nghiệm dày dặn của dàn sao Việt hứa hẹn sẽ mang đến những thước phim rùng rợn và chất lượng.

Phí Phông: Quỷ máu rừng thiêng dự kiến khởi chiếu 24.04.2026

#PhiPhong #QuyMauRungThieng #NinaNutthacha #KieuMinhTuan #HanhThuy #DiepBaoNgoc #TeeYod",,2026-03-12T00:13:50.704Z,,PUBLISHED,2026-03-30T00:13:50.704Z,,,,
19fa6ee9-c20c-4bc2-a184-7053092c0254,ec1e627a-5418-4713-920d-29496f252009,Mother elephant and calf rescued from drain!,,2026-03-03T00:11:14.426Z,,PUBLISHED,2026-03-30T00:11:14.426Z,,,,
1a373b43-fa46-49f4-ac68-1cb142c91f21,2be0df6d-8cc8-47c0-8130-21581a18ab30,(No text content),,2026-03-20T00:13:00.831Z,,PUBLISHED,2026-03-30T00:13:00.831Z,,,,
1a74324b-27dd-4f00-a0d9-b677be443ff9,a6f43c21-de9d-4c11-b41d-c22d63b8579f,"BẢN LĨNH VIỆT NAM GIỮA VÒNG XOÁY ĐỊA CHÍNH TRỊ

Giới quan sát quốc tế nhận định chuyến thăm Nga tháng 3/2026 của Thủ tướng Phạm Minh Chính là một nước cờ thực tế đầy bản lĩnh. Khi giá dầu thô vọt ngưỡng 150 USD/thùng do xung đột tại Iran, Việt Nam đã gửi đi thông điệp đanh thép: Năng lượng là sinh mệnh của chủ quyền, và quyền tự quyết dân tộc không phải món hàng để mặc cả trước sức ép của bất kỳ ""đế chế"" nào.

Trong khi những cuộc can thiệp quân sự và lệnh cấm vận từ phương Tây đang làm đảo lộn trật tự tại Trung Đông, Việt Nam chọn kiên định với trục hợp tác chiến lược đã được thử thách qua thời gian. Việc thắt chặt liên minh với các đối tác truyền thống như Zarubezhneft hay Gazprom cho thấy Hà Nội không chỉ tìm kiếm nguồn cung, mà đang làm chủ công nghệ tại các lô dầu khí chiến lược. Đây chính là lá chắn kinh tế tối thượng, ngăn chặn lạm phát toàn cầu thẩm thấu vào đời sống của hơn 100 triệu dân.

Truyền thông quốc tế nhấn mạnh tư duy ""không chọn phe"" của Việt Nam là một hình mẫu cho Nam bán cầu. Nhận định ""Chủ quyền không phải để bán"" được minh chứng bằng con số hàng chục tỷ USD từ liên doanh Vietsovpetro đổ vào ngân sách quốc gia qua nhiều thập kỷ. Giữa cơn bão nhiên liệu, việc ký kết các gói cung ứng dài hạn giá ưu đãi từ Nga là hành động bảo vệ túi tiền người dân, thay vì cuốn vào các cuộc đối đầu cường quyền.

Sự kiện này khẳng định vị thế của một Việt Nam tự tin, chủ động viết nên luật chơi riêng và chọn đối tác tôn trọng thể chế thay vì thụ động theo sự áp đặt của các trung tâm quyền lực cũ. Thông điệp rất rõ ràng: Hợp tác là xu thế, nhưng tự chủ năng lượng là bất biến.

#ccnnews #chinhtrivietnam #tinnoichinh #vietnamnga #tuchunangluong",,2026-03-25T00:15:44.195Z,,PUBLISHED,2026-03-30T00:15:44.195Z,,,,
1ad8dd38-e18e-4f79-847a-3e7cc3f2643c,063ce956-10ac-4677-a744-7ad0b829f7a0,"Viện KSND Tối cao đã ban hành cáo trạng truy tố 28 bị can trong vụ án xảy ra tại Công ty Cổ phần Tập đoàn Khoáng sản Đầu tư Hưng Thịnh và các đơn vị liên quan, với nhiều tội danh như Vi phạm quy định về nghiên cứu, thăm dò khai thác tài nguyên, buôn lậu, đưa, nhận hối lộ và vi phạm quy định kế toán gây hậu quả nghiêm trọng.

Trong vụ án này, ông Nguyễn Văn Đông, Chủ tịch HĐQT Tập đoàn Rạng Đông cùng 2 người thân và 1 cấp dưới bị cáo buộc trốn thuế. Hiện ông được tại ngoại, bị cấm đi khỏi nơi cư trú.",,2026-03-28T00:12:04.870Z,,PUBLISHED,2026-03-30T00:12:04.870Z,,,,
1aebf74f-3ed1-49ac-8530-64426c5671fc,e6eecc77-6d92-46df-b92d-7ee2391ae019,"Running a business solo doesn’t mean staying solo. With AI, these founders scaled operations and brought on their first employees. Presented by Adobe.",,2026-03-08T00:16:58.388Z,,PUBLISHED,2026-03-30T00:16:58.388Z,,,,
1b1205a6-de49-4dbc-88bd-4e9ebb687aa1,30136847-6d1f-422e-8305-905be06557ab,(No text content),,2026-03-24T00:14:48.858Z,,PUBLISHED,2026-03-30T00:14:48.858Z,,,,
1b403638-824b-4cd2-ad89-90bc92cb318c,da59f15f-d533-46f2-bb1e-fef513f7658b,🇧🇴 Bolivia advance to the #FIFAWorldCup Play-off Final in Monterrey!,,2026-03-30T00:16:38.324Z,,PUBLISHED,2026-03-30T00:16:38.324Z,,,,
1b6e49ff-c804-48e6-8e44-1efe0e31f1c0,65c58780-4703-4009-8925-921f4924b4d7,"Christine Hà nói tiếng Việt thấy cưng quá

Chương trình Vua Đầu Bếp do BHD sản xuất tại Việt Nam theo format gốc Masterchef

#DANET #MasterchefVietnam",,2026-03-16T00:12:41.886Z,,PUBLISHED,2026-03-30T00:12:41.886Z,,,,
1b784b49-9999-429f-9670-4d7d7276243c,b1880d5a-11cc-408c-baa2-55dd1b4cc000,"NEW ARRIVAL I  BLOOM AWAKENING

Nhẹ nhàng, phóng khoáng và đầy cảm hứng.

Bloom Awakening từ MANGO hé lộ tinh thần boho của mùa mới qua những thiết kế bay nhẹ và đầy cuốn hút - hứa hẹn sẽ là điểm chạm thú vị cho phong cách của bạn.

🛒Khám phá ngay: 
(*) Website ACFC: https://bit.ly/MANGOVIETNAM
(*) Kênh Instagram: https://bit.ly/MANGO_IG
(*) Kênh TikTok: https://bit.ly/MANGO_TIKTOK
(*) Kênh Zalo: https://bit.ly/MANGOZALOOA
📌Hệ thống cửa hàng toàn quốc: https://bit.ly/MANGOSTORES
#MangoVN",,2026-03-12T00:12:20.960Z,,PUBLISHED,2026-03-30T00:12:20.960Z,,,,
1b939472-8583-4e7b-8d8c-c2c1421cda43,057c3369-0766-457a-9b06-b8241bbfb888,Như này đã chuẩn tiệc bãi biển chưa anh em nhỉ 😎,,2026-03-06T00:13:33.530Z,,PUBLISHED,2026-03-30T00:13:33.530Z,,,,
1b987453-aab2-4e7f-a08b-fcc6cc65b7da,ecb51e1a-b698-40a0-95d8-2eea6e774ba4,Relaxation time,,2026-03-15T00:14:30.674Z,,PUBLISHED,2026-03-30T00:14:30.674Z,,,,
1bb1aa30-8e4d-460b-aad4-2c3d84a63371,e8d1164d-ee22-4eba-a810-d920f32c6091,Zombie Doctor Speedrun In Minecraft.! ⛏💎#minecraft #minecraftmemes #minecraftbuilds #minecraftpe #minecraftmods,,2026-03-13T00:13:33.318Z,,PUBLISHED,2026-03-30T00:13:33.318Z,,,,
1be8c311-302b-41ee-92b2-66ec0f3682a4,201ca225-be01-440e-94d0-8de62bff41b0,"GDF15, which is thought to contribute to nausea during pregnancy, may keep our drinking in check, researchers propose.

Learn more: https://scim.ag/4rUn7vH",,2026-03-19T00:16:21.988Z,,PUBLISHED,2026-03-30T00:16:21.988Z,,,,
1beee133-1b5e-4e51-8d29-9315b96ff6e4,2be0df6d-8cc8-47c0-8130-21581a18ab30,Anyone know why?? 👇🏽👇🏽👇🏽,,2026-03-02T00:13:00.830Z,,PUBLISHED,2026-03-30T00:13:00.830Z,,,,
1c0bede0-934b-4e73-8ae1-43ee380560f4,da5067ec-f3ee-4cc9-8111-31d5f71e5ac9,"Văn Khang đang đối mặt với áp lực từ dư luận :(

Màn thể hiện chưa tốt, nhưng dù sao đây cũng là một trận giao hữu. Hãy cho em thời gian nhìn nhận và phát triển bản thân.",,2026-03-09T00:16:58.196Z,,PUBLISHED,2026-03-30T00:16:58.196Z,,,,
1c2550e6-d8e9-4aca-ab28-538750bfce21,06339fa5-01b2-495c-8f7d-a40e941ceecf,Doanh nhân Trịnh Văn Quyết trở lại vai trò Chủ tịch Tập đoàn FLC,,2026-03-14T00:15:04.278Z,,PUBLISHED,2026-03-30T00:15:04.278Z,,,,
1c2dfb31-3024-40fa-84f4-a64760841e9a,160b6d37-539a-4c4c-8d0f-60674c5e1575,"Chappell Roan has reportedly been “banned” from performing at a Rio de Janeiro festival following an alleged incident involving footballer Jorginho’s 11-year-old stepdaughter.

The Mayor of Rio, Eduardo Cavaliere, announced the decision online, stating the singer would “never perform” at the Todo Mundo festival while he remains in charge.

The move comes after Jorginho claimed his stepdaughter Ada—whom his wife Catherine Harding shares with actor Jude Law—was left in tears following an encounter with a security guard at a hotel in São Paulo.

According to Jorginho, his daughter, a fan of the singer, simply walked past Roan’s table at breakfast to see if it was really her, smiled, and returned to her seat without approaching or speaking.

He alleges that shortly after, a security guard confronted his wife and daughter in an “extremely aggressive manner,” accusing the child of being disrespectful and harassing the artist, even threatening to file a complaint.

“My daughter was extremely shaken and cried a lot,” he said.

Responding to the situation, Mayor Cavaliere publicly criticised the incident and backed Jorginho’s family, even inviting the young fan to attend the festival as a guest of honour.

Chappell Roan has since addressed the claims, saying the security guard involved was not part of her personal team and that she was unaware of the interaction at the time.

“I didn’t ask anyone to speak to them,” she said. “They didn’t come up to me or do anything wrong.”

She also apologised to the family, adding: “If you felt uncomfortable, that makes me really sad. You did not deserve that.”

The situation has sparked debate online, with conflicting accounts of what happened—while the reported festival ban continues to make headlines.",,2026-03-04T00:14:30.443Z,,PUBLISHED,2026-03-30T00:14:30.443Z,,,,
1caeace4-3b11-448c-8ffe-264fb1761f31,e6eecc77-6d92-46df-b92d-7ee2391ae019,"Palantir CEO Alex Karp said low-end skills ranging from coding to lawyering aren't valuable in the age of AI.

(Credit: Getty Images)

#skills #careerskills #AI #careeradvice #jobs",,2026-03-15T00:16:58.389Z,,PUBLISHED,2026-03-30T00:16:58.389Z,,,,
1cd3d4e2-3b45-406e-a9de-2064562e9fe6,063ce956-10ac-4677-a744-7ad0b829f7a0,KẺ THỨC THỜI LÀ TRANG TUẤN KIỆT 😎,,2026-03-17T00:12:04.870Z,,PUBLISHED,2026-03-30T00:12:04.870Z,,,,
1d095db3-1321-4ae5-b018-58ebcc3f2453,56257f1b-41d6-4f2e-9ef2-9195f5117a85,"Varvara Pilipenko from the 8th Squad just appeared in the newest teaser. What could this mean? 👀

Anime Title: 《Chained Soldier Season 2》
📅 Starts on 8th January, every Thursday at 23:30 (GMT+8)
—————————————————
📺Available Platforms
Bilibili / iQIYI / Danet / True Vision Now / Transvision / CatchPlay / Anime Times / Muse Asia YouTube Channel
(More information will be updated soon. Stay tuned!)

⚠️ The actual upload time may differ. Please refer to the platform's schedule. ⚠️
—————————————————",,2026-03-22T00:11:30.412Z,,PUBLISHED,2026-03-30T00:11:30.412Z,,,,
1d0d1e42-71b8-4d71-8062-97a4bc1b6592,56257f1b-41d6-4f2e-9ef2-9195f5117a85,"Ta cùng khiêu vũ những điệu Mambo
#taihennet #taihenvn",,2026-03-23T00:11:30.414Z,,PUBLISHED,2026-03-30T00:11:30.414Z,,,,
1d1c22c5-deb3-4b27-98f1-3cd7bb065921,f9bb992c-f613-4e52-8d15-905f35113610,CÁCH ĐỂ GIẢI CỨU BỌT BIỂN TỪ VỊ TRÍ CỦA G-DRAGON:,,2026-03-26T00:14:11.605Z,,PUBLISHED,2026-03-30T00:14:11.605Z,,,,
1d3876a2-185d-48b3-8066-4e51da865558,0eaf3dab-44d0-4bc9-a5ad-7ef101236200,"🔍 RAG LÀ GÌ? CÁCH AI ""TRA CỨU"" KIẾN THỨC ĐỂ TRẢ LỜI CHUẨN XÁC NHƯ CHUYÊN GIA! 🧠

Bạn đã bao giờ hỏi AI một câu và nhận được câu trả lời ""ảo"" (hallucination) chưa?
RAG (Retrieval-Augmented Generation) ra đời để giải quyết vấn đề đó – giúp AI không chỉ dựa vào kiến thức cũ, mà còn tự đi tra cứu tài liệu thật trước khi trả lời! 👇

I. 🔁 LUỒNG HOẠT ĐỘNG CỦA RAG

1️⃣ User đặt câu hỏi (Prompt + Query)
         ↓
2️⃣ LLM User Interface nhận câu hỏi
         ↓
3️⃣ Hệ thống tìm kiếm trong các Knowledge Sources:
   📄 PDF, 🗄️ Database, 📑 Documents...
         ↓
4️⃣ Thông tin liên quan được trích xuất (Enhanced Context)
         ↓
5️⃣ Prompt + Query + Context được gửi đến Large Language Model
         ↓
6️⃣ LLM sinh câu trả lời dựa trên cả kiến thức nội tại + tài liệu tra cứu
         ↓
7️⃣ Trả về Generated Text Response cho User

II. 🎯 TẠI SAO RAG LẠI ""ĐỈNH""?
✅ Giảm ảo giác (hallucination): AI trả lời dựa trên tài liệu thật, không tự ""bịa"".
✅ Cập nhật kiến thức mới: Không cần train lại model, chỉ cần cập nhật kho tài liệu.
✅ Trích dẫn nguồn rõ ràng: Có thể cho user biết thông tin lấy từ đâu.
✅ Tiết kiệm chi phí: Thay vì fine-tune model cho từng lĩnh vực, chỉ cần thêm tài liệu.

III.💡 ỨNG DỤNG THỰC TẾ
- Chatbot hỗ trợ khách hàng: Tra cứu trong tài liệu sản phẩm, FAQ.
- Hệ thống hỏi đáp nội bộ: Tìm kiếm trong tài liệu công ty, quy trình.
- Trợ lý học tập: Truy xuất thông tin từ sách giáo khoa, bài giảng.
- Phân tích báo cáo tài chính: Đọc và tổng hợp từ hàng trăm file PDF.

IV. 🛠️ CÁC THÀNH PHẦN CHÍNH
- Knowledge Sources: PDF, Database, Documents – nơi chứa thông tin.
- Search Engine: Tìm kiếm thông tin liên quan đến câu hỏi.
- LLM: Sinh câu trả lời cuối cùng dựa trên context tìm được.
- Enhanced Context: Phần thông tin được trích xuất, đóng vai trò như ""tài liệu tham khảo"" cho AI.

⭐ P/S: Bạn muốn nắm vững RAG, prompt engineering và xây dựng ứng dụng AI thực chiến?
👉 Kết nối với Thầy ngay – Mentor 1:1, dạy kèm cá nhân hóa, giúp bạn hiểu sâu và làm chủ công nghệ! 🚀

#RAG #LLM #AIEngineering #PromptEngineering #GenAI #LapTrinhVien #SinhVienIT #MachineLearning",,2026-03-19T00:16:04.885Z,,PUBLISHED,2026-03-30T00:16:04.885Z,,,,
1d3a2d67-6a65-4684-aece-4e8a5bbcfefe,a6022d31-7bf8-43d3-a8c6-6470fecff46f,"Hội chứng Trypophobia (sợ lỗ) + Body Horror + tâm linh huyền bí + truyền thuyết giân gian Việt Nam = teaser trailer mới Phí Phông: Quỷ Máu Rừng Thiêng.

Đặt trong bối cảnh một bản làng dân tộc hẻo lánh giữa vùng cao âm u và lạnh lẽo, bộ phim đưa khán giả vào một hành trình nghẹt thở nơi rừng thiêng nước độc, nơi những cấm kỵ cổ xưa bắt đầu thức tỉnh. Giữa không gian sương mù bao phủ và cái lạnh thấu xương của núi rừng, loài ác quỷ Phí Phông hiện thân là một thực thể dị hợm với đôi mắt ba tròng tà ác, di chuyển với tốc độ cực nhanh và khả năng nhảy xa đầy áp lực tương tự như cương thi. Chúng chỉ hoạt động vào ban đêm, chuyên nhắm vào những đối tượng yếu thế như phụ nữ mới sinh hoặc trẻ em và đặc biệt bị dẫn dụ bởi mùi vị tanh tưởi.

Phim có các suất chiếu đặc biệt từ 18:00 ngày 16.04 và cả ngày 17-18-19.04. Phim sẽ chính thức khởi chiếu tại các rạp trên toàn quốc vào ngày 24.04.2026.

*Video dưới comment

#PhiPhong #Quymaurungthieng",,2026-03-03T00:13:50.703Z,,PUBLISHED,2026-03-30T00:13:50.703Z,,,,
1d6a2dbb-6a84-44b2-aa46-3711452e86f4,0eaf3dab-44d0-4bc9-a5ad-7ef101236200,"🏗️ TERRAFORM: CẤU TRÚC THƯ MỤC ""CHUẨN PRO"" CHO DÂN INFRASTRUCTURE-AS-CODE!

Bạn mới học Terraform và loay hoay không biết sắp xếp thư mục thế nào cho gọn gàng, dễ quản lý?
Nhìn hình này là thấy ngay cấu trúc chuẩn dùng cho môi trường dev/staging/prod, tái sử dụng module, và script tự động! 👇

terraform/
├── environments/
│   ├── development/
│   │   ├── main.tf
│   │   ├── variables.tf
│   │   ├── outputs.tf
│   │   └── terraform.tfvars
│   ├── staging/
│   │   ├── main.tf
│   │   ├── variables.tf
│   │   └── outputs.tf
│   └── production/
│       ├── main.tf
│       ├── variables.tf
│       ├── outputs.tf
│       └── terraform.tfvars
├── modules/
│   ├── vpc/
│   │   ├── main.tf
│   │   ├── variables.tf
│   │   └── outputs.tf
│   └── ec2/
│       ├── main.tf
│       ├── variables.tf
│       └── outputs.tf
├── scripts/
│   ├── init.sh
│   └── teardown.sh
├── provider.tf
└── backend.tf

I. 🌍 ENVIRONMENTS – TÁCH BIỆT MÔI TRƯỜNG
- Mỗi môi trường (dev, staging, prod) có một thư mục riêng, bên trong gồm:
- main.tf – Định nghĩa tài nguyên (dùng variables thay vì hardcode).
- variables.tf – Khai báo biến (tên, type, description), không gán giá trị.
- outputs.tf – Xuất ra thông tin sau khi apply (IP, ID...).
- terraform.tfvars – Gán giá trị cụ thể cho từng môi trường (chỉ có ở dev và prod, staging có thể dùng file khác hoặc biến môi trường).

📌 Lợi ích: Không trộn lẫn cấu hình, dễ dàng apply riêng từng môi trường.

II. 🧩 MODULES – TÁI SỬ DỤNG CODE
- vpc/ – Module quản lý Virtual Private Cloud (mạng ảo).
- ec2/ – Module quản lý máy chủ EC2.
- Mỗi module có main.tf (logic chính), variables.tf (input), outputs.tf (output).
- Các module được gọi từ environments/*/main.tf với các tham số phù hợp.

📌 Lợi ích: Viết một lần, dùng nhiều nơi – tránh copy-paste, dễ bảo trì.

III. 🛠️ SCRIPTS – TỰ ĐỘNG HOÁ
- init.sh – Chạy terraform init để tải provider và module.
- teardown.sh – Chạy terraform destroy để xoá toàn bộ hạ tầng (cẩn thận khi dùng ở prod!).

📌 Lợi ích: Tiết kiệm thời gian gõ lệnh, giảm sai sót.

IV.⚙️ PROVIDER & BACKEND – CẤU HÌNH GỐC
- provider.tf – Khai báo nhà cung cấp (AWS, GCP, Azure...), region, version.
- backend.tf – Cấu hình nơi lưu trạng thái (state) – ví dụ: S3, Terraform Cloud.

📌 Lợi ích: Tách biệt cấu hình dùng chung khỏi logic tài nguyên, dễ dàng thay đổi backend khi cần.

V. 🎯 KẾT LUẬN
Cấu trúc này giúp bạn:
✅ Quản lý nhiều môi trường dễ dàng.
✅ Tái sử dụng code qua module.
✅ Tự động hoá thao tác bằng script.
✅ Tách biệt provider & backend để linh hoạt.

👉 Đây chính là ""công thức"" để làm chủ Terraform trong dự án thực tế!

⭐ P/S: Bạn muốn nắm vững Terraform, Infrastructure-as-Code và DevOps thực chiến?
👉 Kết nối với Thầy ngay – Mentor 1:1, dạy kèm cá nhân hóa, giúp bạn hiểu sâu và làm chủ công nghệ! 🚀

#Terraform #DevOps #InfrastructureAsCode #CloudComputing #AWS #LapTrinhVien #SinhVienIT #CICD",,2026-03-05T00:16:04.885Z,,PUBLISHED,2026-03-30T00:16:04.885Z,,,,
1d7e7b3f-f59a-4c78-8781-bcccbe726bf7,99b31143-ccb7-4122-a183-d27b9191a3e4,i expect the internet to be totally normal and chill about this,,2026-03-28T00:13:17.292Z,,PUBLISHED,2026-03-30T00:13:17.292Z,,,,
1d7f2089-250b-42f2-a1d9-927da3f43e48,a6f43c21-de9d-4c11-b41d-c22d63b8579f,"Thủ tướng họp thúc đẩy tăng trưởng hai con số, tri ân doanh nghiệp
Sáng 27-3, Hội nghị ""Doanh nghiệp góp phần vào tăng trưởng hai con số và Thủ tướng Chính phủ tri ân doanh nghiệp"" được tổ chức với sự chủ trì của Thủ tướng Phạm Minh Chính.
Phát biểu tại hội nghị, Thủ tướng Phạm Minh Chính nhấn mạnh đất nước trải qua giai đoạn 2021-2025 trong bối cảnh thế giới và khu vực biến động phức tạp, khó lường, chưa từng có tiền lệ; trong đó doanh nghiệp phải đối mặt với nhiều khó khăn như đứt gãy các chuỗi cung ứng, thiếu hụt thị trường, các vấn đề thuế quan, đối mặt với thiên tai, bão lũ…
Tuy vậy, với các quyết sách, điều hành mang tính chiến lược, kinh tế đã vượt qua khó khăn và đạt nhiều kết quả quan trọng, toàn diện trên mọi lĩnh vực. Đây là nền tảng thực hiện mục tiêu tăng trưởng 2 con số, góp phần thực hiện 2 mục tiêu chiến lược 100 năm, nên việc thực hiện mục tiêu tăng trưởng trung bình 10% trở lên là mệnh lệnh của non sông.
Trong giai đoạn mới, khoa học công nghệ, đổi mới sáng tạo, chuyển đổi số sẽ là nền tảng cho sự phát triển, đưa Việt Nam trở thành nước phát triển có thu nhập cao với vai trò của doanh nghiệp ngày càng được tôn vinh. Thực tế nhiều thách thức cũng yêu cầu cần có cách làm mới các động lực tăng trưởng truyền thống và thúc đẩy các động lực tăng trưởng mới.
Thủ tướng nêu rõ, tất cả điều này đòi hỏi trí tuệ, nỗ lực; với tư duy, phương pháp luận và cách làm phải thay đổi. Trong tiến trình này, Đảng, Nhà nước sẽ tiếp tục hoàn thiện cơ chế, thể chế, chính sách, song người làm vẫn là doanh nghiệp; dù đường lối, thể chế tốt nhưng nếu doanh nghiệp không nỗ lực thì không thể thành công, không đạt hiệu quả như mong muốn.
Vì vậy doanh nghiệp phải là trung tâm, chủ thể trong sự phát triển, đóng góp vào đổi mới, xây dựng thể chế, nhận thức rõ vai trò trong phát triển đất nước nhanh và bền vững.",,2026-03-03T00:15:44.195Z,,PUBLISHED,2026-03-30T00:15:44.195Z,,,,
1d80228f-d800-4609-bd71-6b5cea530b50,26c15ef0-e36c-4f43-8f04-e27562146ff3,Cardi B's Little Miss Drama Tour is bringing out surprise guests. Here's a list of all of them (so far).,,2026-03-08T00:14:11.411Z,,PUBLISHED,2026-03-30T00:14:11.411Z,,,,
1d808948-2419-4ecd-ae70-ac46f2541fef,ae348cee-3ed1-415d-b557-79810deda907,Damon Heta talks about his aims for 2026 🏹,,2026-03-23T00:16:57.604Z,,PUBLISHED,2026-03-30T00:16:57.604Z,,,,
1da9bc24-cc60-4897-86db-dfb5f2b01106,5a3c02df-6c93-4aae-b63e-f598c32df599,Here are eight lofty penthouses you must see: https://bbc.in/4bSffWT,,2026-03-10T00:11:49.085Z,,PUBLISHED,2026-03-30T00:11:49.085Z,,,,
1dd315aa-3873-4036-9e89-41d2cdc8ef36,7cbd37a4-3374-4291-bd6d-b2474273342a,"JUST IN: ""JUJUTSU KAISEN"" Season 3 - Episode 12 (Finale) Preview!

Episode 12 is titled ""Sendai Colony"" and will conclude Part 1 of the Culling Game Arc as an extended 27-minute special (Studio: MAPPA).",,2026-03-01T00:11:14.626Z,,PUBLISHED,2026-03-30T00:11:14.626Z,,,,
1dfbd147-53f3-46c4-b29b-d56fe9dbdf60,ecb51e1a-b698-40a0-95d8-2eea6e774ba4,"Meet Joel Kim Booster’s good friend, Celseah.",,2026-03-14T00:14:30.674Z,,PUBLISHED,2026-03-30T00:14:30.674Z,,,,
1e201254-64ed-48a2-a4b3-e099143af22c,d7497b01-a9a0-4cd7-8999-666a8ca37779,"Phép màu 💞

Trong ảnh là những người hùng nở nụ cười rạng rỡ bên cạnh gia đình 7 người bị mắc kẹt trong vụ cháy ở Lĩnh Nam (Hà Nội). Họ đã được các anh giải cứu thành công, cả đại gia đình đều đã bình an khiến cho ai thấy cũng phải xúc động.❤

Giữa thời khắc sinh tử, những hành động dũng cảm ấy không chỉ góp phần cứu sống các nạn nhân mắc kẹt mà còn lan tỏa hình ảnh đẹp về tinh thần nghĩa tình, sẵn sàng vì cộng đồng của người dân Việt Nam.

Ảnh: Báo Phát thanh và Truyền hình Nghệ An",,2026-03-08T00:11:49.295Z,,PUBLISHED,2026-03-30T00:11:49.295Z,,,,
1e6fe809-b30c-4885-aa5a-76731412065c,a6f43c21-de9d-4c11-b41d-c22d63b8579f,"Đây là ""mạch máu"" để Việt Nam không bị gạt ra khỏi cuộc chơi kinh tế toàn cầu và là ""đòn bẩy"" để đưa công nghiệp hóa đi vào thực chất.

#ccnnews #chinhtrivietnam #tinnoichinh #duongsatvietnamtrungquoc",,2026-03-19T00:15:44.196Z,,PUBLISHED,2026-03-30T00:15:44.196Z,,,,
1e792c18-ce47-4920-856b-1a9718ace883,ae348cee-3ed1-415d-b557-79810deda907,28 consecutive sets won in Masters 1000 events! 🤯,,2026-03-17T00:16:57.604Z,,PUBLISHED,2026-03-30T00:16:57.604Z,,,,
1e84d126-e46c-4495-91fa-536d59fd3fa1,af30b1ab-da9a-42a8-b220-576007dd082b,"Tasks like using an undo button or scheduling a task to run later rely on the same idea: turning actions into objects. This is what the Command Pattern does - and Bala teaches you how it works in Python. You'll work with a simple document editor example and set up the receiver, define commands, and put it all together.
https://www.freecodecamp.org/news/how-to-use-the-command-pattern-in-python/",,2026-03-02T00:16:04.675Z,,PUBLISHED,2026-03-30T00:16:04.675Z,,,,
1e9d7312-6924-4a13-a9eb-5875899225d3,4bc7eff0-091a-45f8-84ca-72276cc4fc1e,"BREAKING: Trump says he will order DHS to ""immediately"" pay TSA staff, attempting to bypass Congress as a partial shutdown persists.",,2026-03-13T00:15:04.498Z,,PUBLISHED,2026-03-30T00:15:04.498Z,,,,
1ea9944e-fde5-47e4-ab9b-ff2599993641,0eaf3dab-44d0-4bc9-a5ad-7ef101236200,"🗂️  CẤU TRÚC .claude CHUẨN PRO – BÍ KÍP ĐỂ CLAUDE CODE HIỂU BẠN NHƯ ĐỒNG ĐỘI & DÂN VIBE CODE ""KHÔNG CÒN LO LẠC""! 🚀

Bạn đã bao giờ thấy Claude Code “lạc lối” trong dự án của mình? Hay mỗi lần chạy lại phải nhắc lại những thứ cơ bản?

Cấu trúc thư mục .claude này chính là “bộ não” giúp Claude nhớ quy tắc, hiểu workflow và làm việc nhất quán như một thành viên thực thụ! 👇

I. 📁 SƠ ĐỒ CẤU TRÚC
tasks-manager/
└── .claude/
    ├── agents/          # Subagents chuyên biệt cho từng nhiệm vụ
    ├── commands/        # Slash commands tái sử dụng
    │   ├── /deploy
    │   ├── /fix-issue
    │   └── /review
    ├── rules/           # Quy tắc module hóa theo từng concern (8 rules)
    ├── skills/          # Workflow tự động kích hoạt khi cần
    ├── settings         # Config local/global
    ├── CLAUDE.md        # Context chính cho Claude Code
    └── CLAUDE.local.md  # Override cá nhân (gitignored)

II. 🧩 TỪNG THÀNH PHẦN ĐỂ LÀM GÌ?
1. 🤖 agents/
- Chứa các subagents – những chuyên gia AI riêng biệt cho từng loại công việc.
Ví dụ: backend-architect, frontend-wizard, security-auditor.

2. ⚡ commands/
- Các slash commands tái sử dụng, giúp bạn gọi nhanh các tác vụ lặp lại.
Ví dụ: /deploy, /fix-issue, /review – gõ là Claude biết ngay mình cần làm gì.

3. 📏 rules/
- Các quy tắc module hóa theo từng concern. Thường có 8 rule phổ biến:
   + api-conventions.md – cách viết API
   + code-style.md – style code thống nhất
   + database.md – quy tắc database
   + error-handling.md – xử lý lỗi chuẩn
   + git-workflow.md – quy trình Git
   + project-structure.md – cấu trúc dự án
   + security.md – bảo mật
   + testing.md – viết test
4. 🛠️ skills/
- Các workflow tự động kích hoạt khi Claude nhận diện được nhiệm vụ phù hợp.
Ví dụ: skill deploy sẽ tự động build Docker, push lên server, gửi thông báo.

5. ⚙️ settings
- File cấu hình cho Claude Code: model, temperature, permissions…
- settings.local được gitignored để bạn có thể override cá nhân mà không ảnh hưởng team.

6. 📄 CLAUDE.md & CLAUDE.local.md
- CLAUDE.md – Context chính mà Claude đọc mỗi session (mô tả dự án, kiến trúc, hướng dẫn chung).
- CLAUDE.local.md – Override cá nhân, không push lên git (dùng cho config riêng, mật khẩu test, API key local…).

III. 🎯 TẠI SAO DÂN VIBE CODE CẦN CẤU TRÚC NÀY?
✅ Nhất quán – Claude không bao giờ “quên” convention.
✅ Nhanh – Không mất thời gian nhắc lại quy trình.
✅ An toàn – Rules bảo mật, error handling được áp dụng tự động.
✅ Cá nhân hóa – .local files cho phép bạn tweak riêng mà không xung đột với team.

👉 Vibe Code không phải là ""thả code"" mà là cả nghệ thuật tổ chức và tư duy. Muốn nắm vững? Hãy để Thầy mentor 1:1, dạy kèm cá nhân hóa – đưa bạn từ ""vibe"" đến ""pro"" thực thụ! 🚀

#ClaudeCode #VibeCoding #AITools #NoCode #AIAgents #LapTrinhVien #SinhVienIT #HocLapTrinh",,2026-03-01T00:16:04.885Z,,PUBLISHED,2026-03-30T00:16:04.885Z,,,,
1ed31db4-b714-48cc-a115-0112fede00c6,b1880d5a-11cc-408c-baa2-55dd1b4cc000,"Xuất hiện với nhan sắc không tuổi nhưng Chị Đẹp Lệ Quyên lại bị chính chiếc ""hột xoàn"" của mình làm lu mờ #AVIFW2025 #Aquafina #MultimediaJSC #beUModels #beUAcademy",,2026-03-07T00:12:20.961Z,,PUBLISHED,2026-03-30T00:12:20.961Z,,,,
1eebf875-5b9b-4553-bb31-3686cfbcf736,ae348cee-3ed1-415d-b557-79810deda907,"Buckle in as we head to Berlin ✈️🇩🇪

On-air across Sky Sports Main Event and Action from 6pm ⏰",,2026-03-27T00:16:57.603Z,,PUBLISHED,2026-03-30T00:16:57.603Z,,,,
1ef802e3-d55e-4109-acfc-2cd474b7cba1,e8d1164d-ee22-4eba-a810-d920f32c6091,Elytra swap In Minecraft #minecraft #minecraftmemes #minecraftbuilds #minecraftpe #minecraftmods,,2026-03-23T00:13:33.319Z,,PUBLISHED,2026-03-30T00:13:33.319Z,,,,
1ef9ff56-445c-4376-8a2a-75250f4e10e5,65c58780-4703-4009-8925-921f4924b4d7,"So simple, SO good 🤩",,2026-03-22T00:12:41.885Z,,PUBLISHED,2026-03-30T00:12:41.885Z,,,,
1effc4a7-d1d6-4d37-b0bc-81c479708bea,65c3ee41-578f-48ba-8572-70f3993e3105,"They found all four of them inside a trash can. 🐱

After getting them checked out and settling them into foster care, the plan was to find separate homes. But once it came time, something didn’t feel right.

In the end, they all went home together, just like they started. 💛",,2026-03-28T00:10:58.271Z,,PUBLISHED,2026-03-30T00:10:58.271Z,,,,
1f103a11-fa0c-44e6-be23-d6de13ce5f69,bb264706-0be1-43ae-997a-138bca242377,"The U.S. administration is reportedly reviewing a major strategic shift that could see a significant portion of military aid currently earmarked for Ukraine redirected to the Middle East. This potential pivot comes as tensions in the Persian Gulf reach a boiling point, forcing Washington to prioritize immediate threats to global energy corridors.

By shifting these resources, the United States would be signaling a transition from its long-term commitment in Eastern Europe to a more urgent defensive posture against regional adversaries in the Levant. This move is being considered to ensure that U.S. forces and allies in the Gulf have the necessary hardware to maintain maritime stability.

Ukrainian officials have expressed deep concern over the reports, warning that any reduction in Western support could leave their front lines vulnerable during a critical phase of the conflict with Russia. The debate within the Pentagon highlights the difficult balancing act of managing two high-intensity global security crises simultaneously.

Strategic analysts suggest that ""aid redirection"" would likely focus on advanced air defense systems and precision munitions that are in high demand across both theaters. The decision-making process is complicated by the fact that many of these weapons have limited production cycles and can't be easily replenished in the short term.

If this policy is officially enacted, it would represent one of the most significant changes in American foreign policy since the start of the 2020s. The international community is closely watching for a formal announcement, as the outcome will fundamentally reshape the strategic landscape for both European and Middle Eastern security.

#Ukraine #MiddleEast #ForeignPolicy #BreakingNews #USA",,2026-03-22T00:15:43.980Z,,PUBLISHED,2026-03-30T00:15:43.980Z,,,,
1f124ee5-399b-4aab-bd16-19c7d69cf7f5,0eaf3dab-44d0-4bc9-a5ad-7ef101236200,"[CTDL & GT]. Mảng cộng dồn - 1D, 2D Prefixsum

#28tech",,2026-03-05T00:16:04.884Z,,PUBLISHED,2026-03-30T00:16:04.884Z,,,,
1f36f096-cd2f-45ad-84f9-6ec51b3cd88f,26c15ef0-e36c-4f43-8f04-e27562146ff3,"Maphra's cover of Bring Me the Horizon's ""Doomed"" is No. 1 on the Hot Hard Rock Songs chart.",,2026-03-08T00:14:11.411Z,,PUBLISHED,2026-03-30T00:14:11.411Z,,,,
1f574533-bdb8-46c0-bb9e-e970bba06d1d,7cbd37a4-3374-4291-bd6d-b2474273342a,"The magic begins! ✨ The English dub of Witch Hat Atelier begins April 6 alongside the sub!

🤍 CAST & CREW: https://got.cr/WitchHatDub-fb",,2026-03-06T00:11:14.626Z,,PUBLISHED,2026-03-30T00:11:14.626Z,,,,
1f7199c5-d701-435d-bbf5-f4a998249b02,d77e34f7-4fb7-4847-9876-d7e52dbc0739,"Microbes, like all life on Earth, are facing a warming climate. Their communities are changing, but what that means and how that might impact our atmosphere is unclear.
",,2026-03-09T00:16:37.491Z,,PUBLISHED,2026-03-30T00:16:37.491Z,,,,
1f8d3a0b-6990-480d-a6ef-1ee43c01d598,b1880d5a-11cc-408c-baa2-55dd1b4cc000,Khi hai đại diện của sắc đẹp trái ngược xuất hiện trong 1 khung hình - bạn thích Kylie Jenner hay Jang Wonyoung? #AVIFW2025 #Aquafina #MultimediaJSC #beUModels #beUAcademy #pfw,,2026-03-04T00:12:20.960Z,,PUBLISHED,2026-03-30T00:12:20.960Z,,,,
1fa35977-c1c9-4daf-a36c-81505fdb8a2a,30136847-6d1f-422e-8305-905be06557ab,"President Trump announced a forthcoming executive order to have DHS pay TSA officers during the shutdown, citing airport chaos and blaming Democrats in a Truth Social post.",,2026-03-18T00:14:48.858Z,,PUBLISHED,2026-03-30T00:14:48.858Z,,,,
1fac1f91-488a-48da-b3b4-563cc1a70ffd,d7497b01-a9a0-4cd7-8999-666a8ca37779,"Bạn đã ""bỏ túi"" cho mình những tips săn sale để không bị mắc bẫy chi tiêu quá lố chưa?
------------
🎬 Ting Ting
⏱️ 7:00 hàng ngày
📺 VTV3, Fanpage và Youtube VTV Index, Ting Ting",,2026-03-09T00:12:04.667Z,,PUBLISHED,2026-03-30T00:12:04.667Z,,,,
1fe99473-3f26-483f-86ad-7cfcc512c34e,7cbd37a4-3374-4291-bd6d-b2474273342a,"The resemblance of Sarina and Kana 😳
No wonder Aqua is fond of Kana 🤭

Anime: OSHI NO KO SEASON 3",,2026-03-17T00:11:14.626Z,,PUBLISHED,2026-03-30T00:11:14.626Z,,,,
1ffaa96a-dea0-4273-b434-a8cd49dfa463,af30b1ab-da9a-42a8-b220-576007dd082b,"As you improve your coding skills, you'll want to learn how to write Clean Code. This means writing code that's readable, clear, and well-organized - and that anyone can understand. In this quick guide, Nitin shares some simple tips to help you write cleaner, more maintainable code.
https://www.freecodecamp.org/news/tips-for-writing-clean-code/",,2026-03-08T00:16:04.676Z,,PUBLISHED,2026-03-30T00:16:04.676Z,,,,
1ffb0e9d-0f6e-4a4e-bcfc-b3878f0f88cc,160b6d37-539a-4c4c-8d0f-60674c5e1575,After 4 weeks at No.1 she just knocked Taylor Swift's 'We Are Never Ever Getting Back Together' off the top spot.,,2026-03-01T00:14:30.443Z,,PUBLISHED,2026-03-30T00:14:30.443Z,,,,
20018d82-ff89-447b-83ad-164a51e12429,65c58780-4703-4009-8925-921f4924b4d7,"Tháp su kem khó nhất thế giới được làm cầu kỳ thế nào

Đón xem Vua Đầu Bếp Mỹ - Master Chef có bản quyền chính thức tại DANET - Dịch vụ cung cấp nội dung theo yêu cầu của BHD. 

#MasterchefUS #MasterChef #VuaDauBep #GordonRamsay #Gordon",,2026-03-19T00:13:00.626Z,,PUBLISHED,2026-03-30T00:13:00.626Z,,,,
2074acbe-63d0-46bf-ab84-3c03ae7518f4,4bc7eff0-091a-45f8-84ca-72276cc4fc1e,"BREAKING: U.S. counterterrorism chief resigns over the Iran war, saying the country 'posed no imminent threat to our nation.'",,2026-03-13T00:15:25.606Z,,PUBLISHED,2026-03-30T00:15:25.606Z,,,,
209048db-2597-41dc-8d97-65d53717a429,0eaf3dab-44d0-4bc9-a5ad-7ef101236200,"Rụng rồi bạn ơi 😀😀😀 

Nguồn video: ngân thanh tô",,2026-03-05T00:16:04.886Z,,PUBLISHED,2026-03-30T00:16:04.886Z,,,,
20925033-ee53-4005-9e0b-f4a6e8d0a1e0,842d30e6-e5f4-4f6a-9040-89e907f16091,Hoa hậu Lê Nguyễn Bảo Ngọc khi biết Việt Nam sẽ đăng cai tổ chức Miss World lần thứ 73 - cuộc thi mà cô sẽ đại diện cho Việt Nam tham dự vào cuối năm 2026:,,2026-03-18T00:14:30.240Z,,PUBLISHED,2026-03-30T00:14:30.240Z,,,,
2092ee40-6911-47b2-a074-3d438516d445,26c15ef0-e36c-4f43-8f04-e27562146ff3,Taylor Swift attends the 2026 iHeartRadio Music Awards with Travis Kelce 💞,,2026-03-21T00:14:11.410Z,,PUBLISHED,2026-03-30T00:14:11.410Z,,,,
209ef96c-91b2-4b25-a205-c16518bf397b,160b6d37-539a-4c4c-8d0f-60674c5e1575,"Megan Moroney has officially released her cover of The Best of Both Worlds, giving the iconic Hannah Montana theme song a fresh new twist.

The ‘Tennessee Orange’ singer first teased the track on Instagram earlier this month, and it’s now available exclusively on Spotify—just in time for the show’s 20th anniversary celebrations.

Originally recorded by Miley Cyrus in 2006, the song became a defining anthem of the Disney Channel era, reaching far beyond the show itself.

Moroney has previously spoken about her love for Hannah Montana, often playing the original track at her live shows before stepping on stage. Now, she’s putting her own spin on the fan-favourite, blending the nostalgic energy of the original with a modern country edge.

The release comes ahead of the Hannah Montana 20th Anniversary Special, which will see Miley Cyrus reflect on the show’s legacy, revisit key moments, and share behind-the-scenes stories.

For fans, it’s a full-circle moment—bringing one of the most recognisable songs of the 2000s back into the spotlight.",,2026-03-11T00:14:30.443Z,,PUBLISHED,2026-03-30T00:14:30.443Z,,,,
20aab3ca-a134-4e7c-8663-3e167a8d142e,e80c9d9f-94e9-46db-85a6-1a3fd705818b,"Kể từ khi LCK có 2 đại diện tham dự MSI, Gen.G luôn là Hạt giống số 1, và T1 luôn là Hạt giống số 2.

Nếu đều này không thay đổi ở MSI 2026, thì đội tuyển Hạt giống số 2 của LCP sẽ phải:

✅ Cạnh tranh tấm vé duy nhất đến vòng Bracket với chủ nhân 6 chiếc cup thế giới (và các đại diện LCS & LEC)

✅ Có cơ hội lưu danh sử sách giống như tấm ảnh ""Thầy Giáo Ba đã hạ gục Faker"" vào tháng 12 năm ngoái

TSW, GAM & MVK cân nhắc mà phấn đấu nha 🐧",,2026-03-01T00:13:17.514Z,,PUBLISHED,2026-03-30T00:13:17.514Z,,,,
211c8379-3964-4a14-8914-ad6886ea1f79,057c3369-0766-457a-9b06-b8241bbfb888,"💥 CHUNG TAY BÌNH CHỌN GAMEVERSE 2026: KÉO HỘI CÙNG VOTE - TOP 1 CHỐT QUÀ 💥

⭐️ Trở lại Vietnam GameVerse 2026, Liên Quân góp mặt với 5 hạng mục đề cử, sẵn sàng bứt phá trên đường đua danh hiệu với sự chung sức từ cộng đồng. 

Đặc biệt, với mỗi hạng mục đạt hạng Nhất chung cuộc, Kiện tướng sẽ nhận về phần quà tương ứng sau khi đã bình chọn tất cả các hạng mục ở cả vòng Sơ loại & Chung kết:
🔥 Game vượt thời gian: Giấy Tuyệt sắc x20 & Thẻ giảm giá 399QH* 
🔥 Bộ môn Thể thao điện tử xuất sắc: Giấy Tuyệt sắc x10 & Thẻ giảm giá 349QH*
🔥 Đội tuyển Thể thao điện tử xuất sắc: Giấy Tuyệt sắc x5 
🔥 Vận động viên Thể thao điện tử xuất sắc: Rương trang phục bậc S+ chọn 1 hoặc Giấy S x10
🔥 Giải đấu thể thao điện tử của năm: Thẻ đổi tên x2
*Thẻ Giảm Giá 399QH áp dụng cho trang phục từ 999QH trở lên
*Thẻ Giảm Giá 349QH áp dụng cho trang phục từ 799QH trở lên

Cùng theo dõi thể lệ bình chọn dưới đây để không bỏ lỡ cơ hội hiếm có này nhé!
👉🏻 Bước 1: Nhấn ""Bình chọn"" cho Liên Quân Mobile tại CẢ 5 hạng mục:
🏆 Game vượt thời gian: https://vnexpress.net/the-thao/gameverse/de-cu/2026/lien-quan-mobile-5504
🏆 Bộ môn Thể thao điện tử xuất sắc: https://vnexpress.net/the-thao/gameverse/de-cu/2026/lien-quan-mobile-5499
🏆 Đội tuyển Thể thao điện tử xuất sắc (người chơi có thể bình chọn 1 trong 2): 
- Đội tuyển Nam: https://vnexpress.net/the-thao/gameverse/de-cu/2026/doi-tuyen-nam-lien-quan-mobile-viet-nam-sea-games-33-5509
- Đội tuyển Nữ: https://vnexpress.net/the-thao/gameverse/de-cu/2026/doi-tuyen-nu-lien-quan-mobile-viet-nam-sea-games-33-5508
🏆 Vận động viên Thể thao điện tử xuất sắc (người chơi có thể bình chọn 1 trong 2): 
- FPT Maris: https://vnexpress.net/the-thao/gameverse/de-cu/2026/nguyen-quoc-huy-fpt-maris-5505
- 1S RuuRuu: https://vnexpress.net/the-thao/gameverse/de-cu/2026/bui-nguyen-hoa-tranh-1s-ruuruu-5506
🏆 Giải đấu thể thao điện tử của năm: https://vnexpress.net/the-thao/gameverse/de-cu/2026/dau-truong-danh-vong-mua-xuan-2025-aogs-2025-5507
👉🏻 Bước 2: Chụp ảnh màn hình xác nhận đã bình chọn, ảnh cần đủ các yếu tố sau:
💥 Tên đề cử
💥 Xác nhận “Đã Bình Chọn”
💥 Lượt bình chọn tại thời điểm bạn bình chọn
👉🏻 Bước 3: Điền thông tin vào form minh chứng cho vòng Sơ loại sau khi đã bình chọn cho cả 5 hạng mục để đăng ký nhận quà thông qua đường link sau: https://forms.gle/hPuH2a4Hsfe7Jwvf8  
Hạn bình chọn vòng sơ loại: tới hết ngày 31/03/2026

🤓 Lưu ý:
- Người chơi cần điền đầy đủ 2 form minh chứng bình chọn tại vòng Sơ loại và Chung kết để đủ điều kiện nhận quà. 
- Form đăng ký nhận quà cho vòng Chung kết sẽ được mở ở giai đoạn sau.
- Mỗi tài khoản Liên Quân chỉ nhận được quà 1 lần.
- Chụp màn hình trên web bình chọn có hiển thị ĐỦ Tên đề cử, xác nhận “Đã Bình Chọn”, Lượt bình chọn tại thời điểm bạn bình chọn, kích thước mỗi hình dưới 100 MB.
- Quà tặng chỉ được trao cho người chơi bình chọn cả 5 hạng mục và điền đúng thông tin, bao gồm ảnh minh chứng và UID.
- Chúng tôi có quyền không công nhận kết quả với những kiện tướng sử dụng hình ảnh bình chọn từ người chơi khác.
- Quà tặng sẽ được gửi vào tài khoản game Liên Quân Mobile của bạn sau khi kết quả vòng Chung kết được công bố.
- Quyết định trao quà cuối cùng sẽ thuộc về Hội Đồng Liên Quân.",,2026-03-14T00:13:33.530Z,,PUBLISHED,2026-03-30T00:13:33.530Z,,,,
216d901d-3dc8-43cb-abca-92f71272ff6d,26c15ef0-e36c-4f43-8f04-e27562146ff3,"Sublime announced the details about their first new album in 30 years, 'Until the Sun Explodes,' and dropped the emotional title track.",,2026-03-24T00:14:11.411Z,,PUBLISHED,2026-03-30T00:14:11.411Z,,,,
2187fff0-40ce-43c8-8bfd-6e046c4cb724,5a3c02df-6c93-4aae-b63e-f598c32df599,"""Art is for everybody.""",,2026-03-18T00:11:30.613Z,,PUBLISHED,2026-03-30T00:11:30.613Z,,,,
2195e528-e318-4be3-8794-9ba4f026248a,ae348cee-3ed1-415d-b557-79810deda907,BREAKING: The Snooker World Championship will stay at the Crucible in Sheffield until 2045 🚨,,2026-03-29T00:16:57.604Z,,PUBLISHED,2026-03-30T00:16:57.604Z,,,,
21b8f009-7703-4634-b97c-b9219da18b50,d7497b01-a9a0-4cd7-8999-666a8ca37779,Thế Giới Di Động (MWG) dự chi số tiền kỷ lục trả cổ tức tiền mặt cho cổ đông,,2026-03-13T00:12:04.666Z,,PUBLISHED,2026-03-30T00:12:04.666Z,,,,
21baaf9d-4e0d-4ac2-808b-0d345b641750,99b31143-ccb7-4122-a183-d27b9191a3e4,(No text content),,2026-03-30T00:13:17.293Z,,PUBLISHED,2026-03-30T00:13:17.293Z,,,,
21db1737-fded-40f1-94a5-9f3ce857c777,ecb51e1a-b698-40a0-95d8-2eea6e774ba4,"The striped hyena is in decline. There are fewer than 10,000 left. “Yet it remains largely overlooked in global policy frameworks,” says WCS’s Sue Lieberman.

At CMS COP15, we are supporting a proposal for protections. bit.ly/4uPPUEC",,2026-03-28T00:14:30.674Z,,PUBLISHED,2026-03-30T00:14:30.674Z,,,,
221abbcd-e9a1-4794-9277-1c453c475626,ec1e627a-5418-4713-920d-29496f252009,Stuck raccoon begs for help with pleading eyes 🥺,,2026-03-22T00:10:59.117Z,,PUBLISHED,2026-03-30T00:10:59.117Z,,,,
22594f61-3770-4d82-8d4c-d4538433e2d9,2be0df6d-8cc8-47c0-8130-21581a18ab30,Okay granny dam 😳,,2026-03-16T00:13:00.830Z,,PUBLISHED,2026-03-30T00:13:00.830Z,,,,
225c0adc-3fe7-404c-95d3-bcd01414c315,0eaf3dab-44d0-4bc9-a5ad-7ef101236200,"⚡ 8 SAI LẦM KHI DÙNG EF Core ""GIẾT CHẾT"" HIỆU NĂNG – CÓ VÍ DỤ THỰC TẾ! 💀

Entity Framework Core (EF Core) mạnh nhưng nếu dùng sai, nó có thể biến ứng dụng của bạn thành... ""rùa bò"". Dưới đây là 8 lỗi kinh điển mà tôi thấy nhiều người mắc, kèm ví dụ dễ hiểu và cách sửa ngay! 👇

1️⃣ LOAD TOÀN BỘ ENTITY ❌
Ví dụ sai: Bạn muốn lấy danh sách tên sản phẩm, nhưng lại load cả object Product (có 20 cột) rồi sau đó mới lấy Name.
Hậu quả: Tốn bộ nhớ, chậm.
Sửa: Chỉ lấy những cột bạn cần, ví dụ chỉ lấy cột Name. EF sẽ sinh câu SQL nhẹ hơn.

2️⃣ TRACKING MỌI THỨ ❌
Ví dụ sai: Bạn chỉ muốn đọc danh sách user để hiển thị, nhưng EF vẫn theo dõi (tracking) từng user.
Hậu quả: Tốn bộ nhớ và thời gian xử lý.
Sửa: Dùng AsNoTracking() khi chỉ đọc. Lúc đó EF sẽ không tạo đối tượng proxy để theo dõi thay đổi.

3️⃣ N+1 QUERIES TRONG VÒNG LẶP ❌
Ví dụ sai: Lấy danh sách đơn hàng, rồi trong vòng lặp mỗi đơn hàng lại gọi một câu query để lấy thông tin khách hàng.
Hậu quả: 1 đơn hàng → 1 query, nếu 100 đơn hàng thì 101 query (1 + 100). Rất chậm.
Sửa: Dùng Include() để load luôn dữ liệu khách hàng trong cùng một câu query. Hoặc dùng AsSplitQuery() nếu join phức tạp.

4️⃣ ToList() QUÁ SỚM ❌
Ví dụ sai: Bạn gọi .ToList() ngay sau Where(), sau đó mới dùng Where tiếp để lọc trên bộ nhớ (client).
Hậu quả: Lọc trên client thay vì database → toàn bộ dữ liệu được tải về trước, lọc sau, rất nặng.
Sửa: Giữ IQueryable càng lâu càng tốt, gom tất cả điều kiện lọc trước khi gọi .ToList().

5️⃣ THIẾU INDEX ❌
Ví dụ sai: Bạn thường xuyên tìm kiếm user theo email, nhưng không tạo index cho cột Email.
Hậu quả: Mỗi lần tìm kiếm đều phải quét toàn bộ bảng (full scan), rất chậm khi bảng lớn.
Sửa: Dùng .HasIndex() trong OnModelCreating để tạo index cho cột đó. Truy vấn sẽ nhanh như tra từ điển.

6️⃣ MỘT DbContext KHỔNG LỒ ❌
Ví dụ sai: Bạn gom hết tất cả các DbSet (User, Order, Product, Invoice, Category, Log...) vào một file AppDbContext duy nhất.
Hậu quả: Khó bảo trì, dễ phụ thuộc vòng tròn, khi khởi tạo context rất nặng.
Sửa: Tách thành nhiều DbContext nhỏ hơn theo từng mảng nghiệp vụ (ví dụ: SalesDbContext, IdentityDbContext, LoggingDbContext).

7️⃣ BỎ QUA COMPILED QUERIES ❌
Ví dụ sai: Một câu truy vấn được chạy đi chạy lại nhiều lần (ví dụ: tìm user theo email), mỗi lần EF đều phải phân tích cú pháp LINQ.
Hậu quả: Tốn CPU, chậm.
Sửa: Dùng EF.CompileAsyncQuery() để biên dịch trước câu truy vấn. Lần sau dùng chỉ việc gọi, EF không cần phân tích lại.

8️⃣ KHÔNG ĐỌC SQL THỰC TẾ ❌
Ví dụ sai: Bạn viết LINQ xong, deploy, không bao giờ xem câu SQL mà EF sinh ra.
Hậu quả: Có thể bạn vô tình tạo ra các truy vấn chậm (N+1, missing index, join không đúng) mà không biết.
Sửa: Dùng .ToQueryString() để xem SQL sinh ra, hoặc log ra console/IDE. Đọc SQL để phát hiện sớm vấn đề.

🎯 TÓM LẠI
- Load đúng dữ liệu – không ôm đồm
- Đọc thì AsNoTracking
- Tránh N+1 bằng Include
- Lọc trước khi ToList
- Index cho cột hay lọc
- Tách DbContext theo nghiệp vụ
- Compiled query cho truy vấn lặp lại
- Luôn xem SQL sinh ra

👉 Áp dụng 8 mẹo này, hiệu năng EF Core sẽ tăng vùn vụt!

⭐ P/S: Bạn muốn nắm vững EF Core, tối ưu database và xây dựng ứng dụng .NET thực chiến?
👉 Kết nối với Thầy ngay – Mentor 1:1, dạy kèm cá nhân hóa, giúp bạn hiểu sâu và làm chủ công nghệ! 🚀

#EFCore #DotNet #BackendDev #DatabaseOptimization #VibeCoding #LapTrinhVien #SinhVienIT #SoftwareEngineering",,2026-03-15T00:16:04.885Z,,PUBLISHED,2026-03-30T00:16:04.885Z,,,,
22756ad8-a464-43fd-9f50-b8248c4c4c85,cd18b325-af17-4a51-899b-d917f57eb898,"The Justice Department admitted to a federal judge it's been incorrectly relying on an Immigration and Customs Enforcement memo to justify arrests at immigration courts, according to a new court filing in an ongoing lawsuit. https://cnn.it/4rZjfJT",,2026-03-03T00:15:26.314Z,,PUBLISHED,2026-03-30T00:15:26.314Z,,,,
22765372-5b60-4cd8-bb00-91ca624641c3,4444b44e-e73f-4588-ac3a-aa7052825c5c,"The Cutest Pitbull Says ""I Love You!"" 🥰❤️",,2026-03-15T00:10:58.076Z,,PUBLISHED,2026-03-30T00:10:58.076Z,,,,
22892094-04c1-4e74-8d26-49e78046c675,e5b917f7-e4e9-4cc0-b09a-f84eac91709f,Making 140 ice cream sandwiches per minute 🍦😋 #HowItsMade #icecream,,2026-03-30T00:16:21.781Z,,PUBLISHED,2026-03-30T00:16:21.781Z,,,,
22bfc797-7b4f-493a-a52a-f21a48fb6c4e,04611aaa-eca4-4f8c-a8be-e078953d5ea7,"Cut any shape into cardboard and sunlight still makes a circle.. Why?

#science #pinhole #light #sun #trick",,2026-03-20T00:16:37.701Z,,PUBLISHED,2026-03-30T00:16:37.701Z,,,,
22e67ea3-b0be-48bb-b1dd-4a134fead8a3,a6f43c21-de9d-4c11-b41d-c22d63b8579f,"‼️  KHÔNG THỂ NGỤY TẠO GIÁ TRỊ CHO “CỜ VÀNG BA SỌC” ĐỂ XUYÊN TẠC LỊCH SỬ VÀ GÂY NHIỄU LOẠN NHẬN THỨC CỘNG ĐỒNG

        Ngày 17/11/2025, trên trang blog BBC News Tiếng Việt phát tán bài “Cờ vàng từ biểu tượng chính trị đến giá trị văn hóa người Việt”, nội dung bai viết ca ngợi “lá cờ vàng ba sọc” của Việt Nam Cộng hòa, đồng thời cổ xúy rằng: đó là khát vọng tự do và dân chủ, là biểu tượng văn hóa, tinh thần, ký ức và “khát khao tự do” của cộng đồng người Việt tại nhiều quốc gia. Quan điểm này không chỉ sai lầm mà còn là quan điểm phản động, nhằm làm sai lệch bản chất của nền dân chủ Xã hội chủ nghĩa Việt Nam, gây hiểu lầm trong cán bộ, đảng viên và nhân dân.

1. Cờ 3 sọc là biểu tượng của sự chia rẽ, không phải của dân chủ

        Biểu tượng cờ 3 sọc, thực chất là biểu tượng của Ngụy quyền Sài Gòn giai đoạn những năm cuối thập niên 1960, đầu thập niên 1970, một chính quyền phản động, tay sai của Mỹ trong cuộc chiến tranh tại Việt Nam.

        Cờ 3 sọc không phải là biểu tượng của nền dân chủ, mà là biểu tượng của sự chia rẽ, của cuộc chiến tranh xâm lược, gây bao m. ất mát, đa, u thương cho dân tộc Việt Nam. Cờ 3 sọc là biểu tượng của Ngụy quyền, một chính quyền với sự hỗ trợ của Mỹ, đã áp đặt chế độ đ. ộc tài, hà khắc lên nhân dân miền Nam, không có tự do thực sự và chỉ phục vụ cho lợi ích của các thế lực ngoại bang.

        Việc sử dụng cờ 3 sọc không chỉ phản bội lại truyền thống văn hóa, lịch sử, nền tảng tư tưởng của dân tộc, mà còn x. úc ph. ạm đến những hy sinh, mất mát, đ. au thương của hàng triệu người dân Việt Nam trong cuộc đấu tranh giành độc lập, tự do. Việc gắn liền cờ 3 sọc với khái niệm “dân chủ” là một sự xuyên tạc lịch sử, một âm mưu thâm độc, nhằm phủ nhận, bôi nhọ chiến thắng của Nhân dân ta trong cuộc kháng chiến vĩ đại của dân tộc.

Dân chủ thực sự phải gắn liền với sự bình đẳng, công bằng và phát triển bền vững, mà không thể được định nghĩa qua những biểu tượng phản động và chia rẽ dân tộc như cờ 3 sọc.

2. Nền dân chủ Xã hội chủ nghĩa ở Việt Nam là thành quả cách mạng vĩ đại của dân tộc

        Nền dân chủ ở Việt Nam là một nền dân chủ xã hội chủ nghĩa, được xây dựng và phát triển qua nhiều thập kỷ đấu tranh cách mạng. Chính quyền Việt Nam hiện nay là kết quả của cuộc kháng ch. iến chống thực dân, đế quốc, giành độc lập dân tộc và bảo vệ chủ quyền quốc gia – dân tộc. Dưới sự lãnh đạo của Đảng Cộng sản Việt Nam, chúng ta đã đạt được những thành tựu to lớn trong xây dựng và phát triển đất nước, nâng cao đời sống Nhân dân, duy trì an ninh, trật tự xã hội và bảo vệ chủ quyền quốc gia.
    
    Nền dân chủ Xã hội chủ nghĩa ở Việt Nam là nền dân chủ của Nhân dân, vì Nhân dân, phục vụ lợi ích của Nhân dân. Mọi quyết định chính trị, mọi đường lối phát triển đều hướng đến sự phát triển toàn diện của con người, bảo đảm quyền lợi cho tất cả mọi tầng lớp trong xã hội, đặc biệt là các nhóm yếu thế, như người nghèo, dân tộc thiểu số, phụ nữ và trẻ em. Dân chủ ở Việt Nam không phải là lý thuyết hư vô, mà là thực tế sinh động được thể hiện qua các hoạt động bầu cử, các cuộc đối thoại giữa người đứng đầu cấp ủy, chính quyền với Nhân dân và đại diện doanh nghiệp, các cuộc tiếp xúc cử tri, các cuộc thảo luận công khai lấy ý kiến Nhân dân tham gia vào các văn kiện của Đảng, chính sách, pháp luật của Nhà nước, hướng ước, quy ước của cộng đồng dân cư, các chính sách phục vụ lợi ích cộng đồng và sự tham gia tích cực của Nhân dân vào các quyết sách lớn.
     
   3. Cán bộ, đảng viên và Nhân dân cần nhận thức đúng đắn về biểu tượng cờ 3 sọc
     
   Để bảo vệ nền dân chủ và phát triển đất nước, mỗi cán bộ, đảng viên và người dân cần nhận thức rõ ràng về việc các tổ chức phản động  cùng những chiêu trò lợi dụng biểu tượng, khẩu hiệu để xuyên tạc sự thật. Việc tiếp nhận thông tin chính thống, có sự phân biệt rõ ràng giữa những luận điệu x. ấu xa và những giá trị đúng đắn là vô cùng quan trọng. Chúng ta phải luôn bảo vệ sự thống nhất, đoàn kết của dân tộc, không để các thế lực thù địch lợi dụng các vấn đề dân chủ, nhân quyền để gây chia rẽ.
       
 Việc BBC News Tiếng Việt đăng tải bài viết có nhận định rằng biểu tượng cờ 3 sọc được coi là đại diện cho nền dân chủ là một luận điệu sai trái, phản động. Nó không thể nào đại diện cho nền dân chủ ở Việt Nam. Chúng ta phải nhận thức rõ bản chất những luận điệu sai trái này và bảo vệ nền dân chủ xã hội chủ nghĩa của Việt Nam, vì đó là thành quả xương máu của cả dân tộc, là con đường phát triển bền vững, đem lại hạnh phúc cho nhân dân.
      
  Những luận điệu và âm mưu chống phá đất nước của các thế lực phản động, các đối tượng cơ hội chính trị, các nhóm chống đối chính trị sẽ luôn thất bại trước sự đoàn kết, kiên cường của Nhân dân và sự lãnh đạo sáng suốt của Đảng Cộng sản Việt Nam./.

Tham khảo: Sáng mãi niềm tin 25.10",,2026-03-26T00:15:44.195Z,,PUBLISHED,2026-03-30T00:15:44.195Z,,,,
22f4f8ba-92ff-45e4-a6eb-dcb99a7dd76c,2b9222fa-bd4b-4cfe-a301-f8e31cde883a,"Nghe đơn giản, nhìn đơn giản nhưng cực kỳ đầu tư và chất lượng. Mang một tí hơi hướng Việt Nam với chất giọng Southside gần gũi, và một chút gangz gangz của Mỹ với văn hóa hiphop cùng con phố nhiều Graffiti, 'Đơn Giản' chắc chắn là một track thể hiện bước tiến của Ocean Phew 🔥

Dưới phần bình luận của track có 1 lời khen ngợi đến từ B:OKEH - thí sinh Rap Việt mùa đầu tiên. Hóng một ngày Ocean Phew và B:OKEH có một track feat cùng nhau! 😘

#GhienAmNhac #DonGian #Music #rap #OceanPhew #America",,2026-03-20T00:14:11.811Z,,PUBLISHED,2026-03-30T00:14:11.811Z,,,,
2339e8f8-c5ee-4e73-acbc-4e4b8ba69f8e,65c58780-4703-4009-8925-921f4924b4d7,Bún thịt nướng siu ngon. #diadiemanuong #diadiemanngon #reviewanuong #reviewanngon #nsaigon #food #foodie #foodreview #ansapsaigon #amthuc #amthucviet #anvat #anvatsaigon #Monngonmoingay #monngon #anngon #anngonnaungon #vivusaigon #chill #amthucsaigon #amthucduongpho #vietnamesefood #ShopeeFood #saigonangi #foodlover,,2026-03-12T00:12:41.886Z,,PUBLISHED,2026-03-30T00:12:41.886Z,,,,
2359e3d2-2f39-4d95-9b1f-386b097342f1,e80c9d9f-94e9-46db-85a6-1a3fd705818b,Tay cầm cái bánh mì vừa đi vừa ăn,,2026-03-29T00:13:17.515Z,,PUBLISHED,2026-03-30T00:13:17.515Z,,,,
235d0684-bc7c-40d1-9165-b76d39ad19a8,30136847-6d1f-422e-8305-905be06557ab,"🇷🇺 ✈ 🇻🇳 Thủ tướng Chính phủ Phạm Minh Chính và đoàn đại biểu cấp cao Việt Nam rời Thủ đô Moskva lên đường về nước, kết thúc tốt đẹp chuyến thăm chính thức Liên Bang Nga",,2026-03-26T00:15:04.068Z,,PUBLISHED,2026-03-30T00:15:04.068Z,,,,
237c2090-69f2-4aa7-b981-9e8f8f309514,ec1e627a-5418-4713-920d-29496f252009,They resisted all efforts from people to help but rescuers later revealed the entire heartwarming story... 😭👇,,2026-03-28T00:11:14.426Z,,PUBLISHED,2026-03-30T00:11:14.426Z,,,,
23d36e21-7819-451e-a498-31a5ca106bfb,a6022d31-7bf8-43d3-a8c6-6470fecff46f,"KPOP DEMON HUNTERS CHÍNH THỨC GIÀNH TƯỢNG VÀNG OSCAR 2026

Tại đêm trao giải Oscar lần thứ 98, KPop Demon Hunters đã xuất sắc vượt qua những đối thủ nặng ký như Zootopia 2 và Elio để mang về giải thưởng Phim hoạt hình xuất sắc nhất. Không chỉ dừng lại ở đó, bộ phim còn khẳng định sức hút khi ẵm luôn giải Ca khúc gốc xuất sắc nhất với bản hit ""Golden"".

Chiến thắng này đánh dấu một cột mốc quan trọng khi một tác phẩm đậm chất văn hóa đại chúng và âm nhạc hiện đại lên ngôi tại thánh đường điện ảnh thế giới.

Mặc dù cũng có nhiều quan điểm cho rằng chiến thắng của KPop Demon Hunters phần lớn nhờ vào sức hút truyền thông khổng lồ và tính giải trí bùng nổ, hơn là sự sâu sắc trong kịch bản nếu đặt lên bàn cân cùng các tác phẩm giàu tính triết lý như Little Amélie or the Character of Rain hay tầm vóc di sản của Zootopia 2. Tuy nhiên, Viện Hàn lâm năm nay dường như đã ưu tiên cho sự đổi mới trong phong cách đồ họa và năng lượng trẻ trung mà bộ phim mang lại

Còn mọi người thì sao? Đây là chiến thắng xứng đáng cho phim hay mọi thứ đang quá ""Overrated""?

#Oscars2026 #KPopDemonHunters",,2026-03-22T00:13:50.703Z,,PUBLISHED,2026-03-30T00:13:50.703Z,,,,
23d82e8d-18c6-4a2b-9c23-6f34c10861ec,063ce956-10ac-4677-a744-7ad0b829f7a0,"SHB ĐƯỢC UBCKNN CẤP GIẤY PHÉP ĐĂNG KÝ CHÀO BÁN CỔ PHIẾU RA CÔNG CHÚNG

Ngân hàng Sài Gòn – Hà Nội (SHB) đã được Ủy ban Chứng khoán Nhà nước (UBCKNN) cấp Giấy chứng nhận đăng ký chào bán thêm cổ phiếu ra công chúng cho cổ đông hiện hữu. Bước tiếp theo, ngân hàng sẽ chốt danh sách cổ đông thực hiện quyền mua cổ phiếu.

Trước đó, Ngân hàng Nhà nước Việt Nam đã chấp thuận phương án tăng vốn điều lệ của SHB lên 53.442 tỷ đồng. Theo phương án đã được công bố, SHB dự kiến phát hành tổng cộng 750 triệu cổ phiếu, tương ứng 16,32% số cổ phiếu đang lưu hành. Sau khi hoàn tất tăng vốn, SHB sẽ trong nhóm 4 ngân hàng TMCP tư nhân vốn điều lệ lớn nhất.

Trên thị trường chứng khoán, SHB là 1 trong 3 ngân hàng niêm yết cổ phiếu sớm nhất, thuộc nhóm VN30 - nhóm cổ phiếu vốn hóa lớn nhất thị trường và luôn nằm trong top đầu thanh khoản giao dịch. 

Không dừng ở huy động vốn trong nước, SHB đã và đang thực hiện các kế hoạch huy động vốn nước ngoài với hạn mức tổng giá trị thực hiện và đang đàm phán lên đến 1 tỷ USD. Năm 2025, lợi nhuận trước thuế SHB đạt 15.028 tỷ đồng, tăng 30% so với năm trước và hoàn thành 104% kế hoạch Đại hội đồng cổ đông giao. Tính đến 31/12/2025, tổng tài sản của SHB đạt gần 892.600 tỷ đồng, tăng 19% so với năm 2024.

Với định hướng đó, SHB đặt mục tiêu trở thành Ngân hàng TOP 1 về hiệu quả; Ngân hàng Số được yêu thích nhất; Ngân hàng Bán lẻ tốt nhất đồng thời là Ngân hàng TOP đầu cung ứng nguồn vốn,....Tầm nhìn đến năm 2035, SHB trở thành Ngân hàng bán lẻ hiện đại, Ngân hàng xanh, Ngân hàng số trong TOP đầu của khu vực.

#SHB",,2026-03-03T00:12:04.870Z,,PUBLISHED,2026-03-30T00:12:04.870Z,,,,
23f25af4-a303-420d-a60a-a22388710a25,0eaf3dab-44d0-4bc9-a5ad-7ef101236200,"Công ty trí tuệ nhân tạo OpenAI cho biết sẽ bắt đầu thử nghiệm hiển thị quảng cáo trên ChatGPT đối với người dùng miễn phí trong thời gian tới, nhằm tìm kiếm thêm nguồn thu.

Theo thông báo, quảng cáo sẽ xuất hiện ở cuối câu trả lời khi có sản phẩm hoặc dịch vụ phù hợp với nội dung cuộc trò chuyện. OpenAI nhấn mạnh các quảng cáo này sẽ được gắn nhãn rõ ràng và tách biệt với nội dung trả lời.

Bà Fidji Simo, Giám đốc mảng ứng dụng của OpenAI, khẳng định quảng cáo sẽ không ảnh hưởng đến câu trả lời của ChatGPT. Trong khi đó, CEO OpenAI ông Sam Altman cho biết nhiều người muốn sử dụng AI nhưng không muốn trả phí, do đó mô hình quảng cáo có thể là giải pháp.

ChatGPT hiện có hơn 800 triệu người dùng, phần lớn sử dụng miễn phí. Dù được định giá khoảng 500 tỷ USD, OpenAI vẫn đang đối mặt với áp lực tài chính khi chi phí vận hành hệ thống AI rất lớn, bao gồm đầu tư vào chip và trung tâm dữ liệu.

Một số chuyên gia cảnh báo việc đưa quảng cáo vào chatbot có thể tiềm ẩn rủi ro, đặc biệt khi người dùng ngày càng sử dụng AI như một công cụ tư vấn hoặc hỗ trợ cá nhân. Điều này có thể làm dấy lên lo ngại về việc khai thác niềm tin của người dùng cho mục đích thương mại.

OpenAI cho biết sẽ không sử dụng dữ liệu cá nhân hoặc nội dung hội thoại của người dùng để phục vụ quảng cáo. Tuy nhiên, các nhà phân tích cho rằng các dịch vụ miễn phí luôn cần tạo ra doanh thu, và mô hình quảng cáo là lựa chọn phổ biến.

Hiện Google và Meta đã tích hợp quảng cáo vào một số sản phẩm AI của mình. Việc OpenAI tham gia lĩnh vực này được xem là bước đi mới trong cuộc cạnh tranh thương mại hóa trí tuệ nhân tạo.

Theo Mạnh Dương (Theo AP)
Nguồn: VTV Online",,2026-03-29T00:16:04.886Z,,PUBLISHED,2026-03-30T00:16:04.886Z,,,,
24001cd7-8d95-4f56-a750-449c79c2c63e,65c3ee41-578f-48ba-8572-70f3993e3105,Can you name this bird based on its curved beak?,,2026-03-18T00:10:58.272Z,,PUBLISHED,2026-03-30T00:10:58.272Z,,,,
2442bf5e-756f-4436-9c92-bf2360ef1671,d7497b01-a9a0-4cd7-8999-666a8ca37779,"Nếu trước đây, sự ổn định và thâm niên được đặt lên hàng đầu thì hiện nay yếu tố trải nghiệm làm việc tích cực và cơ hội phát triển đang trở thành tiêu chí quan trọng hơn đối với lao động trẻ.
#vtv #vtvindex #tingting 
------------
🎬 Ting Ting
⏱️ 7:00 hàng ngày
📺 VTV3, Fanpage và Youtube VTV Index, Ting Ting",,2026-03-13T00:11:49.295Z,,PUBLISHED,2026-03-30T00:11:49.295Z,,,,
244c4184-c9e9-4d79-a7be-d7acb576268c,5a3c02df-6c93-4aae-b63e-f598c32df599,"From a new literary discussion show to a Games of Thrones star waxing lyrical about our feathered friends, we pick the best new podcasts for you to listen to and watch.
 
Tap the link in bio for even more recommendations.
 
📸 Getty, James Turner, Chris Floyd/Goalhanger, CBC
 
#BBC #Culture #Podcast #History",,2026-03-14T00:11:49.084Z,,PUBLISHED,2026-03-30T00:11:49.084Z,,,,
245a93db-451e-4a69-9ab7-98b962f62a97,bb264706-0be1-43ae-997a-138bca242377,"The Pentagon has officially ordered approximately 3,000 paratroopers from the elite 82nd Airborne Division to prepare for immediate deployment to the Middle East. This move involves a brigade combat team from the ""All Americans"" based at Fort Liberty, North Carolina, and is intended to supplement the roughly 50,000 U.S. troops already stationed in the region.

As the Army’s premier global emergency response force, these paratroopers are specifically trained to mobilize and jump into contested environments within 18 hours of receiving orders. Their arrival provides the administration with a rapid-reaction ground capability that can be used to secure airfields, ports, or other critical infrastructure if the conflict continues to widen.

While U.S. officials have stressed that a final decision to put ""boots on the ground"" inside Iranian territory has not yet been made, the mobilization sends a clear signal of readiness. The 82nd Airborne’s presence gives military commanders a ""menu of strategic options,"" ranging from reinforcing regional allies to potential operations aimed at securing sensitive nuclear sites.

This deployment comes as ""Operation Epic Fury"" nears the one-month mark, with the Middle East currently facing extreme instability following the assassination of top Iranian leadership. The paratroopers will join thousands of U.S. Marines already en route to the Persian Gulf, creating a significant concentration of American ground power near the Iranian coastline.

As the 48-hour deadline for the pause on energy infrastructure strikes approaches, the arrival of these elite units underscores the high stakes of the current diplomatic standoff. Whether they are used for deterrence or for direct action, the deployment of the 82nd Airborne marks a definitive shift toward a more ground-intensive phase of the ongoing war.

#82ndAirborne #USArmy #IranWar #BreakingNews #MiddleEast",,2026-03-19T00:15:43.980Z,,PUBLISHED,2026-03-30T00:15:43.980Z,,,,
246a8f02-b902-45ec-9693-5cf3c09d7c12,1c4762f2-1dc9-47f4-847b-764ef074ce9b,"San José Mineta International Airport has introduced a new AI-powered humanoid robot called “José” to help passengers.

Developed by Silicon Valley startup IntBot, the robot provides directions, answers questions, and shares real-time airport information.

José is located at Terminal B, Gate 24 near the Zoom Zone, where it greets travelers and assists in more than 50 languages, making it especially helpful for international visitors.

The robot is designed to work in busy public spaces, understanding questions and giving useful responses.

The four-month pilot program will help officials test how AI robots can support passengers while keeping the airport fast and convenient.

#AI #Robot #HumanoidRobot #ArtificialIntelligence",,2026-03-08T00:17:15.505Z,,PUBLISHED,2026-03-30T00:17:15.505Z,,,,
246ec53f-b7ce-447d-83eb-ecb361710862,e80c9d9f-94e9-46db-85a6-1a3fd705818b,Nét flix,,2026-03-23T00:13:17.515Z,,PUBLISHED,2026-03-30T00:13:17.515Z,,,,
24c8c997-4622-476c-9afa-5414233c79e6,ae348cee-3ed1-415d-b557-79810deda907,Have you ever seen a football challenge like this?! 💭 Theo Walcott and Izzy Christiansen take on intense football building challenge! Department for Education,,2026-03-16T00:16:57.603Z,,PUBLISHED,2026-03-30T00:16:57.603Z,,,,
25172cc5-1f87-4168-a42c-9218c2a38038,65c58780-4703-4009-8925-921f4924b4d7,"Con gà tia miếng bơ và cái kết 

#masterchef #mh",,2026-03-24T00:13:00.626Z,,PUBLISHED,2026-03-30T00:13:00.626Z,,,,
25448261-6f82-461a-a8e4-d2bd84257f08,ecb51e1a-b698-40a0-95d8-2eea6e774ba4,"National Geographic 33 changemaker and National Geographic Explorer Margaret Wickens Pearce is a cartographer whose maps of North America depict Indigenous knowledge and relationships to the land. A Citizen Potawatomi tribal member, she’s reenvisioning how maps communicate Indigenous knowledge, revealing layers of understanding that can inspire people to more sustainably address issues like habitat loss, aging infrastructure, and increasingly severe flooding.

Learn more about Pearce’s approach to mapmaking: https://on.natgeo.com/qYX6A4

The National Geographic 33—inspired by our 33 founders—is an initiative honoring changemakers who are rising to meet the most critical challenges of our time, making meaningful progress and incredible breakthroughs. #NatGeo33",,2026-03-25T00:14:48.645Z,,PUBLISHED,2026-03-30T00:14:48.645Z,,,,
2549c328-c6f2-4b2a-b2e5-fafd9771bf62,30136847-6d1f-422e-8305-905be06557ab,SUBWAY TRAGEDY: An 83-year-old Air Force veteran died after a suspect allegedly pushed him onto New York City subway tracks in an unprovoked attack. Authorities have charged 34-year-old Honduran national Bairon Hernandez — an illegal immigrant deported four times with at least 15 prior charges — with murder.,,2026-03-07T00:14:48.858Z,,PUBLISHED,2026-03-30T00:14:48.858Z,,,,
254e68fe-e678-4dab-b2cb-16eb4404df46,d7497b01-a9a0-4cd7-8999-666a8ca37779,"‼ Bộ Công an đề xuất phạt tiền từ 50-70 triệu đồng đối với hành vi ""chủ thể dữ liệu không tự bảo vệ dữ liệu cá nhân của mình""

Trong dự thảo Nghị định quy định xử phạt vi phạm hành chính trong lĩnh vực an ninh mạng và bảo vệ dữ liệu cá nhân, Bộ Công an đề xuất mức phạt 50–70 triệu đồng đối với các hành vi vi phạm quyền của chủ thể dữ liệu.

Cụ thể, người không tự bảo vệ dữ liệu cá nhân của mình có thể bị xử phạt hành chính lên đến 70 triệu đồng. Mức phạt này cũng áp dụng cho các trường hợp không tôn trọng, bảo vệ dữ liệu cá nhân của người khác; không cung cấp đầy đủ, chính xác thông tin theo quy định hoặc khi đã đồng ý cho phép xử lý dữ liệu; cũng như không chấp hành các quy định về bảo vệ và phòng, chống xâm phạm dữ liệu cá nhân.

Ngoài xử phạt tiền, dự thảo còn bổ sung các biện pháp xử lý như tịch thu tang vật, phương tiện vi phạm; buộc xóa, hủy dữ liệu không thể khôi phục; và hoàn trả hoặc nộp lại các khoản lợi bất hợp pháp có được từ hành vi vi phạm.

Theo báo Thanh Niên.",,2026-03-05T00:12:04.667Z,,PUBLISHED,2026-03-30T00:12:04.667Z,,,,
255d3b0e-d6cb-4cee-bc66-d1841183064a,ecb51e1a-b698-40a0-95d8-2eea6e774ba4,"Right now, the future of international conservation hangs on decisions being made in Washington. With them, stable communities, secure nations, and a healthy planet.

If you're in the U.S., speak out in support of programs that protect endangered species, counter wildlife trafficking, and preserve the last wild places on Earth.

Act now: https://secure.wcs.org/campaign/2603-ADV-Approps",,2026-03-08T00:14:48.644Z,,PUBLISHED,2026-03-30T00:14:48.644Z,,,,
256511cd-6a03-4aaf-93e3-83eabdb954cf,5a3c02df-6c93-4aae-b63e-f598c32df599,"From Anne Hathaway in a gothic drama about a pop superstar to Zendaya and Robert Pattinson in an “excruciatingly awkward” indie black comedy, these are the films to watch at the cinema and stream at home this month.
 
Tap the link in bio for even more film recommendations.
 
📸 A24, Universal Pictures, Apple TV+, Warner Bros Pictures
 
#BBC #Culture #Film #Movies",,2026-03-04T00:11:30.613Z,,PUBLISHED,2026-03-30T00:11:30.613Z,,,,
259764c1-8740-42e1-99cf-307aa17884fd,ec1e627a-5418-4713-920d-29496f252009,Hawaiian woman went for a run and ended up being chosen by a stray dog 😭❤️,,2026-03-03T00:11:14.426Z,,PUBLISHED,2026-03-30T00:11:14.426Z,,,,
25d42d01-14fc-48bb-b0e7-bf1701130f3b,e80c9d9f-94e9-46db-85a6-1a3fd705818b,Đội hình TSW quay trở lại Đài Bắc sẵn sàng cho LCP Split 2 💪,,2026-03-18T00:13:17.513Z,,PUBLISHED,2026-03-30T00:13:17.513Z,,,,
25d7e311-b476-4c45-885e-dc8d43ff5a11,26c15ef0-e36c-4f43-8f04-e27562146ff3,Here are the 7 things we learned from Netflix documentary 'BTS: The Return.',,2026-03-17T00:14:11.410Z,,PUBLISHED,2026-03-30T00:14:11.410Z,,,,
25e4726b-9cd6-4690-b28c-02177068390e,30136847-6d1f-422e-8305-905be06557ab,"DIPLOMACY IN PLAY: Trump pauses Iran energy plant strikes, extends deadline from 5 to 10 days for ongoing talks",,2026-03-27T00:15:04.067Z,,PUBLISHED,2026-03-30T00:15:04.067Z,,,,
26013316-0309-477a-bbd0-3c61136d9a22,2be0df6d-8cc8-47c0-8130-21581a18ab30,"Counting down the days till 2nd April 🔥

#realme16 #AIPortraitStar",,2026-03-25T00:13:00.831Z,,PUBLISHED,2026-03-30T00:13:00.831Z,,,,
2621af73-fd8e-4521-a740-d5840c0bf3e6,56257f1b-41d6-4f2e-9ef2-9195f5117a85,"""STUDIO ONE BASE"": KADOKAWA THỐNG NHẤT 6 STUDIO LỚN, QUYẾT TÂM BIẾN IKEBUKURO THÀNH ""SIÊU ĐÔ THỊ ANIME"" TOÀN CẦU

Trong một bước đi đầy tham vọng nhằm tái định nghĩa quy trình sản xuất annime, tập đoàn giải trí hàng đầu Nhật Bản Kadokawa đã chính thức công bố dự án thiết lập một trung tâm sản xuất anime khổng lồ mang tên ""Studio One Base"". 

Theo kế hoạch, tổ hợp này sẽ tọa lạc ngay bên trong khu phức hợp Sunshine City tại Ikebukuro – một trong những tâm điểm giải trí sầm uất nhất Tokyo – và dự kiến sẽ chính thức đi vào hoạt động từ mùa thu năm 2026.

Dự án Studio One Base sẽ đóng vai trò là hạt nhân sản xuất tập trung, quy tụ 6 công ty sản xuất anime trực thuộc hệ sinh thái của Kadokawa bao gồm: ENGI, Studio KADAN, Raging Bull, Bellnox Films, Chiptune cùng các bộ phận liên quan đến hoạt hình nội bộ của tập đoàn. 

Bằng cách đưa nhiều studio về cùng một địa điểm, Kadokawa không chỉ muốn tối ưu hóa khả năng phối hợp giữa các đội ngũ mà còn hướng tới mục tiêu xây dựng một môi trường chuyên nghiệp, nơi các nhà sáng tạo có thể hoàn toàn tập trung vào công việc nghệ thuật.

Ông Tsuyoshi Kikuchi, Giám đốc điều hành kiêm Giám đốc Studio của Kadokawa, nhấn mạnh rằng mục tiêu của dự án là thay đổi hình ảnh của các địa điểm sản xuất anime vốn thường bị coi là áp lực. 

Qua việc nâng cao năng suất và cải thiện chế độ đãi ngộ cho đội ngũ nhân sự, Kadokawa kỳ vọng sẽ tạo ra một nơi làm việc mà mọi người có thể tự hào, đồng thời biến nghề sáng tạo anime trở thành một sự nghiệp đáng mơ ước.

Concept chủ đạo của sáng kiến này là: ""Kiến tạo những nhà sáng tạo. Kiến tạo không gian nơi sự sáng tạo nảy nở.""

Việc lựa chọn Ikebukuro không phải là ngẫu nhiên, bởi đây vốn là khu vực nổi tiếng với các sự kiện dành cho người hâm mộ và các trung tâm bán lẻ anime sầm uất. 

Thông qua việc hợp tác chặt chẽ với quận Toshima và Sunshine City, Kadokawa muốn phát triển Ikebukuro trở thành một ""thành phố anime đẳng cấp thế giới"", từ đó củng cố năng lực tạo ra các IP (tài sản trí tuệ) có tầm ảnh hưởng toàn cầu.

Bạn nghĩ sao nếu Kadokawa thành công để đưa Ikebukuro trở thành ""thành phố anime""?

Nguồn: Automaton Media.
#taihennet #taihenvn",,2026-03-28T00:11:30.414Z,,PUBLISHED,2026-03-30T00:11:30.414Z,,,,
2629b7d6-08ce-44c6-8d62-ee44dcf4f49f,d7497b01-a9a0-4cd7-8999-666a8ca37779,Đề xuất sửa đổi điều kiện về thu nhập của người mua nhà ở xã hội,,2026-03-06T00:12:04.666Z,,PUBLISHED,2026-03-30T00:12:04.666Z,,,,
26461ce5-60a7-4732-97bd-c19c503fdefb,65c58780-4703-4009-8925-921f4924b4d7,"Nothing makes us happier than Duff Goldman's fresh fruit tarts 😌🍓🥝

Don't miss Duff judging a NEW episode of #UltimateBakingChampionship tomorrow at 9|8c ✨",,2026-03-01T00:13:00.626Z,,PUBLISHED,2026-03-30T00:13:00.626Z,,,,
2670146e-64f2-4b63-98b7-709446a7f20e,b1880d5a-11cc-408c-baa2-55dd1b4cc000,"ACFC X BENETTON | 𝐓𝐀𝐈𝐋𝐎𝐑𝐄𝐃 𝐎𝐅𝐅𝐈𝐂𝐄 𝐋𝐎𝐎𝐊𝐒 – 𝐌𝐈𝐗 & 𝐌𝐀𝐓𝐂𝐇

Định hình diện mạo chỉn chu, thời thượng cho những ngày làm việc bận rộn với các thiết kế mới từ Benetton.

--------------------------------
TUYÊN NGÔN THỜI TRANG MÀU SẮC NỔI BẬT TỪ Ý

📍Hệ thống cửa hàng:
▪️ Tầng 2 – Crescent Mall, phường Tân Mỹ, TPHCM.
▪️ Tầng 1 – Estella Place, phường Bình Trưng, TPHCM.
➜ Mua sắm online tại ACFC: https://bit.ly/3tiqoMS
#Benettonvietnam #Benetton @Benetton #ACFC #UnitedColorsOfBenetton #UCB",,2026-03-19T00:12:41.662Z,,PUBLISHED,2026-03-30T00:12:41.662Z,,,,
26818ae7-5147-4349-baf1-1a27598f59f6,0eaf3dab-44d0-4bc9-a5ad-7ef101236200,"AI giúp viết code (mã nguồn) nhanh hơn, nhưng cũng khiến nhiều lập trình viên Trung Quốc rơi vào cảnh giảm thu nhập, làm việc nhiều hơn và dần mất đi cảm hứng sáng tạo. 

Từng được xem là lực lượng kiến tạo trong nền kinh tế số, nhiều lập trình viên nay phải chật vật tồn tại giữa làn sóng AI (trí tuệ nhân tạo). Thu nhập giảm mạnh, cạnh tranh khốc liệt, công việc bị bào mòn cảm hứng sáng tạo, trong khi khách hàng ngày càng tin rằng máy móc có thể thay thế con người với chi phí rẻ hơn rất nhiều. 

TỪ NGƯỜI TẠO RA SẢN PHẨM THÀNH NGƯỜI DỌN DẸP HẬU QUẢ 

Qi Lei, 35 tuổi, vào nghề lập trình từ năm 2011, thời điểm được xem là giai đoạn vàng của giới phát triển ứng dụng.

Sau nhiều năm làm nghề, anh mở công ty riêng vào năm 2022. Đó là thời điểm thị trường ứng dụng nhỏ (mini program) vẫn còn sôi động. Một dự án tùy biến có thể mang về tới 300.000 nhân dân tệ (tương đương 117,5 triệu đồng) 

Nhưng chỉ sau vài năm, mặt bằng giá đã thay đổi chóng mặt. Những đơn hàng tương tự giờ đây nhiều khi chỉ còn trị giá khoảng 20.000 nhân dân tệ (tương đương 76,5 triệu đồng).

Theo Qi, AI không chỉ làm giảm lợi nhuận mà còn làm thay đổi vị trí của lập trình viên trong chuỗi sản xuất phần mềm. Nếu trước đây họ được xem là những người trực tiếp xây dựng sản phẩm, thì nay càng giống những người đến sau để chỉnh sửa, vá lỗi và cấp cứu những đoạn mã do máy tạo ra.

Biến động lớn nhất đến từ cách khách hàng nhìn nhận giá trị của nghề lập trình. Khi AI có thể nhanh chóng tạo giao diện, sinh mã cơ bản và dựng bộ khung ứng dụng chỉ trong thời gian ngắn, nhiều người bắt đầu cho rằng việc làm ra ứng dụng (app, mini program) trở nên đơn giản, rẻ và hầu như ai cũng có thể làm được.

Qi kể rằng trong một buổi chào giá, khách hàng lấy điện thoại ra khoe một bản mẫu do AI tạo rồi hỏi vì sao anh vẫn báo mức phí cao.

Dù đã cố giải thích rằng đó mới chỉ là phần vỏ bề ngoài, còn giá trị thực nằm ở logic hệ thống, bảo mật, hiệu năng và khả năng vận hành ổn định, anh vẫn phải giảm giá gần một nửa để giữ dự án.

Thị trường lập trình còn bị kéo xuống bởi làn sóng freelancer (người làm công việc tự do) giá rẻ, trong đó có không ít lập trình viên giàu kinh nghiệm từng làm tại các công ty công nghệ lớn nhưng bị sa thải trong giai đoạn tái cấu trúc vì AI.

Cheng Xiao, nhân viên kinh doanh của một công ty phần mềm ở Hà Nam, cho biết dù công ty quảng bá dịch vụ là không dùng AI, họ vẫn buộc phải giảm giá gần 50% so với năm 2023 để cạnh tranh.

Nghịch lý nằm ở chỗ, càng nhiều công cụ AI, lập trình viên càng không nhàn hơn. Trước đây, một công ty như của Qi chỉ cần nhận vài dự án mỗi năm là đủ sống. Nay họ phải xoay xở với hàng chục đơn hàng nhỏ để duy trì hoạt động. 

Khối lượng công việc tăng lên, nhưng lợi nhuận và thu nhập lại đi xuống. Một số lập trình viên tự do chia sẻ về mức lương trong ngành đã giảm đáng kể, trong khi áp lực sửa lỗi, bảo trì và đáp ứng các yêu cầu phát sinh ngày càng nặng nề hơn.

AI VIẾT RẤT NHANH, NHƯNG KHÔNG THỂ THAY CON NGƯỜI CHỊU TRÁCH NHIỆM

Theo nhiều lập trình viên, vấn đề lớn nhất của AI không nằm ở tốc độ mà ở độ tin cậy. Wei Xiaodong, một lập trình viên tự do ở Quảng Châu, cho biết trước năm 2023, để phát triển một mini program với hai giao diện cho người mua và người bán, hai lập trình viên phải mất khoảng sáu tuần.

Nay AI có thể dựng phần khung chỉ trong vài giờ. Nhưng thứ nó tạo ra thường chỉ hoàn chỉnh ở bề mặt, còn khi đi vào logic nghiệp vụ thì lỗi bắt đầu xuất hiện.

Wei ví von rằng khách hàng cần một bát mì Trung Hoa, nhưng AI lại mang ra một đĩa mì Ý. Hình thức có thể bắt mắt, nhưng bản chất lại sai nhu cầu. Nhiều lỗi do AI tạo ra không thể sửa bằng vài dòng code.

Chỉ một điểm sai trong logic cũng có thể buộc cả mô - đun phải làm lại. Tệ hơn, mỗi lần sửa một lỗi, AI lại làm phát sinh lỗi mới ở nơi khác, khiến lập trình viên rơi vào vòng lặp vá lỗi liên tục.

Qi cho biết AI hiện có thể xử lý hơn 60% phần việc, từ dựng trang đến tạo chức năng đơn giản.

Điều đó giúp giảm số người cần thiết trong một dự án, nhưng cũng khiến công việc của lập trình viên chuyển từ sáng tạo sang đánh giá, kiểm tra và sửa chữa. Nhiều người vì thế mất dần đam mê với nghề. 

Đọc thêm thông tin ở bài báo dưới phần bình luận👇👇👇",,2026-03-16T00:16:04.886Z,,PUBLISHED,2026-03-30T00:16:04.886Z,,,,
26d505ea-5d4a-4d07-8e72-6580b0bc01e3,0eaf3dab-44d0-4bc9-a5ad-7ef101236200,"We’re sharing the technical architecture behind friend bubbles in Facebook Reels – a recommendation system that highlights Reels your friends have liked or reacted to – including how machine learning estimates relationship strength and ranks content your friends have interacted with to create more opportunities for meaningful engagement and connection.

Check out our blog post here: ",,2026-03-27T00:16:04.884Z,,PUBLISHED,2026-03-30T00:16:04.884Z,,,,
26f65feb-5467-4349-8eaa-804308d67cf5,d77e34f7-4fb7-4847-9876-d7e52dbc0739,"Modern apes may have swung into existence in North Africa or the Middle East.
",,2026-03-17T00:16:22.180Z,,PUBLISHED,2026-03-30T00:16:22.180Z,,,,
272d3758-d57e-426c-9394-408346cf26f2,30136847-6d1f-422e-8305-905be06557ab,(No text content),,2026-03-19T00:15:04.067Z,,PUBLISHED,2026-03-30T00:15:04.067Z,,,,
272f1aa5-97f8-4889-a5c6-0d08633e1c48,26c15ef0-e36c-4f43-8f04-e27562146ff3,"Rosalía was forced to halt her show at Unipol Forum short halfway through Wednesday's (March 25) show, telling her Milan fans 'I feel really unwell.'",,2026-03-13T00:14:11.411Z,,PUBLISHED,2026-03-30T00:14:11.411Z,,,,
27451834-c515-4a72-861b-1643c0c88d6f,56257f1b-41d6-4f2e-9ef2-9195f5117a85,"The new PV for The Exiled Heavy Knight Knows How to Game the System just dropped! The journey of Elma, Luce, and Maris will start in 2026! ⚔️

—————————————————
Please stay tuned and follow our SNS channels for upcoming updates and release information! 🎉",,2026-03-22T00:11:30.414Z,,PUBLISHED,2026-03-30T00:11:30.414Z,,,,
2786c1d5-2003-4ef1-a18c-3cbf8082804b,842d30e6-e5f4-4f6a-9040-89e907f16091,"CHƠI TRỘI AI CHƠI LẠI TRƯƠNG LĂNG HÁCH: SAU THÁNH CHIẾN SEABLINGS 2 ĐẠI BẠI, NẮM TRIỆU LỆ DĨNH, DƯƠNG DƯƠNG LÔI THEO, DƯỚI CHÂN XÍCH MỘT LOẠT VAI DIỄN TƯỚNG QUÂN, MỸ NAM ĐEM SO SÁNH CÙNG, KẾT QUẢ NHẬN RA LỚP NỀN TRÉT 3 TIẾNG BỊ MỐC 

Nam diễn viên Trương Lăng Hách, nam chính trong phim ""Trục Ngọc"" sau khi dính lùm xùm vạ miệng chê người Đông Nhắm Á, làm giả số liệu, view ảo trên phim thì lại bị bóp gỏi bò tái xanh không thiếu ngày nào vì đem nửa cái Cbiz ra làm bàn đạp cho con đường lên diễn viên tuyến 1 của mình, ai mà có dè cuối cùng những người bị đem ra làm vật tế thần cho anh đều được viral lại vai diễn, nhan sắc trở lại, còn bản thân thì chỉ nhận về tiếng shấu. 

Để trở thành ngôi sao hàng đầu xứ Trung, không nên làm theo các bước sau đây:

Bước 1: PR nhan sắc siêu cấp đẹp trai đỉnh nóc kịch trần, top 1 lứa 95 không ai sánh bằng

Người đầu tiên được gọi tên là Quá Nhi (Cổ Thiên Lạc đóng chính). Dương Quá đang trải qua những ngày bình yên cùng Tiểu Long Nữ ở Cổ Mộ thì bỗng dưng phát hiện ra mình lại nổi danh trên yang hồ vì bị đem ra so sánh với tiểu sinh Trương Lăng Hách, xem tạo hình cổ trang của ai đẹp hơn, thần thái hơn. Quá Nhi vừa cưỡi điêu vừa ngậm ngùi cảm thán ""Nhuộm da đen rồi cũng không tha cho tui"".  

Cư dân mạng thì đồng loạt hỏi chấm cực mạnh tại sao lại lôi Cổ Thiên Lạc Dương Quá lên, so sánh khập khiễng vậy cũng làm được nữa sao. Chắc hẳn chính Dương Quá cũng không ngờ giao diện trắng trẻo, thư sinh, mặt baby đẹp trai của mình mấy chục năm trước lại được hồi sinh để hồi xuân nhan sắc của Nhăn Quá 

Không hổ là Trương Lăng Hách, tìm tới tìm lui, tìm ngay Dương Dương để so bì nhan sắc. Ảnh polaroid của Dương Dương bỗng được đào lên để so sánh với Trương Lăng Hách xem ai đẹp trai hơn. Còn có một số người chạy vào các bài đăng liên quan đến Dương Dương khen Trương Lăng Hách đẹp trai hơn Dương Dương nhiều. 

Kết quả bị hội anh chị em nước bạn nhấn 💦 cho tỉnh người ""Sống đủ lâu để thấy nhan sắc của Dương Dương bị đem ra ch-ê, đứa nào mất 🧠 vậy?"", ""Cười lớn cái t coi coi đứa nào đẹp hơn biết liền"", ""Con trai như tui thấy Dương Dương đẹp trai hơn nha"",... cùng vô vàn bình luận cười ra nước mắt khác. 

Bên cạnh đó, Tống Uy Long cũng cùng chung số phận, suốt thời gian dài liên tục bị so sánh nhan sắc với Trương Lăng Hách, còn được gọi là ""Anh em sinh đôi hệ nồng nhan (Nhan sắc sắc sảo, nét nào ra nét đó)"". 

Bước 2: Sở Kiều (Triệu Lệ Dĩnh) và Tạ Chinh (Trương Lăng Hách), ai là người cao hơn?

Cách đây không lâu, fans Triệu Lệ Dĩnh bức xúc vì đang xem phim của Triệu Lệ Dĩnh nhưng sơ hở là nhảy qua ""Trục Ngọc"" của Trương Lăng Hách nên lên tiếng đòi lời giải thích với nền tảng phát sóng, nhưng nào ngờ nền tảng phát sóng đang tính giả ngơ cho qua thì fans Trương Lăng Hách nhảy vô combat với fans Triệu Lệ Dĩnh, ch-ê Triệu Lệ Dĩnh là diễn viên đã hết thời, phim nào ra flop phim đó, phong cách quê mùa, thậm chí còn đem so...chiều cao giữa 2 người với nhau. 

Fan Triệu Lệ Dĩnh chuẩn bị đeo bao tay vào bóp gỏi, sấy khô, làm bò kho 7 món vì idol nhà mình nằm không cũng ăn chởi, nhưng nghĩ lại không muốn PR miễn phí cho người khác nên đã thủ hạ lưu tình, dù sao thì thời Triệu Lệ Dĩnh nổi đình đám với loạt vai diễn trong ""Sam Sam đến rồi"", ""Lục Trinh truyền kì"", ""Hoa thiên cốt"", ""Minh Lan truyện"",... thì không biết nhà bên đấy đang dạt ở chỗ nào, không biết không có tội. 

Bước 3: Già không bỏ, nhỏ không tha, đỉnh lưu thời Chiến quốc cũng phải nhập cuộc chơi

Đây rồi, đây rồi, đây là màn gay cấn nhất trong các trận battle nhiều ngày qua. Thấy sức nóng chưa đủ lên hàng đỉnh lưu, một loạt video Trương Lăng Hách mặc giáp đánh trận, đầu đeo trĩ linh kê được đăng trên Douyin, Tiểu Hồng Thư, gắn hagstag so sánh với các vai diễn ngày xưa của Hà Nhuận Đông như Hạng Vũ, Lữ Bố hay Bộ Kinh Vân, Hoắc Khứ Bệnh để chứng minh vai diễn tướng quân của mình nổi trội hơn. Đúng là người mang vận mệnh đại bạo trên người không cản đuợc, nhưng bạo ở đây là ""bạo l.ự.c"" chứ không phải bạo hồng. 

Vô tình xuyên không vào vai tướng quân thống lĩnh ba quân, Trương Lăng Hách bất ngờ nhận được sự chăm sóc đặc biệt từ các fans nam dòng phim điện ảnh, truyền hình, tiểu thuyết, audio truyện lịch sử chính trị, Tam quốc tranh đấu ngày xưa, đè cú nào ná thở cú đấy, hỏi thăm tận tình từng lớp nền lớp phấn vì đi đánh trận mà mặt mày không dính miếng bụi, trắng bóng láng mịn như vừa đi trùng tu nhan sắc về. 

Khác với hội chị em cà khịa mấy câu đã đi hóng chuyện khác, mấy anh con trai nhất quyết không để vụ này chìm, lên 9981 clip với hàng triệu views chỉ để cà khịa, giải thích, chứng minh, leo thẳng top trending trên Douyin lẫn Tiểu Hồng Thư. Dou đế Trương Lăng Hách thất thủ ngay trên chính địa bàn tung hoành của mình, thậm chí còn bị chế meme chế giễu khắp nơi:

- Tướng quân ngày ấy quánh giặc, tướng quân ngày nay quánh phấn trước, giặc tính sau
- Giờ ra trận 9h chắc cài báo thức lúc 5h để dậy quánh nền để lâu trôi đỡ mốc trước 
- Giặc quánh chưa lui, quân ta lui vì chủ soái bị vỡ lớp nền 
- Đeo cái mũ có khác gì hai cọng râu gián phẩy tới phẩy lui không cơ chứ

=> Từ đó, huyền thoại về ""Tướng quân kem nền"", ""Tướng quân gián"" được ra đời, vang danh khắp năm châu bốn bể, viral theo cách riêng của mình. 

Nghĩ cũng tội mà thôi cũng vậy, Hà Nhuận Đông nằm không ở nhà lụm sương sương hơn 1 triệu lượt follow douyin, vài chục ngàn lượt thảo luận, viral rần rần lại các vai diễn ngày xưa và nhiều không đếm xuể các video không so sánh không có đau thương giữa Hà Nhuận Đông và Trương Lăng Hách

Bước 4: Có phước mình hưởng, có bị sấy cũng phải lôi cả đám theo cùng

Tối qua, Trần Triết Viễn đang nằm thiu thiu ngủ thì bị n.ắm đầu dậy để hoà chung bầu không khí rộn ràng trong lò sấy khô. Tạo hình cổ trang của nam diễn viên trong phim ""Nhất Tiếu Tuỳ Ca"" và tạo hình tướng quân của Trương Lăng Hách trong ""Trục Ngọc"" lại được đem ra so sánh. 

Fans Trương Lăng Hách cho rằng tại sao chỉ mình anh bị cả CĐM pressing ngày đêm trong khi Trần Triết Viễn diễn Phượng Tuỳ Ca cũng quánh cái mặt có thua gì đi diễn hí kịch đâu. Hiện tại fans 2 bên đang đúm nhao kịch liệt, treo top 1 hotsearch weibo đêm qua thu hút không ít sự chú ý của ta lại va vào ánh mắt của người. Nhà Trương Lăng Hách mỉa mai rằng Trần Triết Viễn mặt nhìn giống hêuuuu, người và hêu khác biệt đừng đặt cạnh nhau, phim flop suốt bao nhiêu năm không lên được mặt bàn. 

Tưởng đâu dập đuýt cũng có người đệm lưng nhưng mình tính không bằng hàng xóm tính, Trần Triết Viễn không những không bị chởi mà bộ phim ""Nhất Tiếu Tuỳ Ca"" lại nghênh đón mùa xuân thứ 2 của đời mình khi bất ngờ trở lại leo top 2 trending phim hot trên app Iqiyi, cứ thế ẵm nhẹ hơn 4000 điểm nhiệt một cách nhẹ nhàng không tốn 1 đồng marketing khiến các nhà khác ai nấy đều  cười rớt răng. Trần Triết Viễn đang được hồi sinh, còn Trương Lăng Hách thì giờ chắc đang hồi quang phản chiếu. 

Bên cạnh đó, hàng loạt vai tướng quân cổ trang các phim những năm gần đây cũng được đem lên so sánh, chúng mềnh có nhaooo. Điển hình như Châu Sinh Thề của Nhậm Gia Luân, Lăng Bất Nghi của Ngô Lỗi, Tiêu Hoằng của Vương Tinh Việt, Tống Mặc của Lý Quân Nhuệ,... 

Toàn lực giương đông kích tây, điệu hổ ly sơn mà quạt Ba Tiêu của Thiết Phiến Công Chúa toàn quạt ngược lửa lại phía mình, cố tình giẫm ai thì người đó nổi lên trở lại, còn bản thân thì bị quật muốn tốc mái nhà. 

Tưởng đâu sẽ hiện thực hoá giấc mơ trở thành diễn viên hàng đầu trong showbiz Hoa Ngữ, một đêm thành danh khi sở hữu công ty marketing hùng mạnh, nền tảng phát sóng toàn lực ủng hộ, không tiếc chơi tất tay, chi phí PR truyền thông gần như là lớn nhất từ trước đến nay trong dòng phim truyền hình, thế nhưng Trương Lăng Hách lại nhận về quả đắng cũng là quả. 

Suy cho cùng, một diễn viên muốn bước lên vị trí top đầu, không phải chỉ cần công ty quản lý kết hợp với tư bản ra sức nâng đỡ là sẽ thành công. Một diễn viên giỏi, một minh tinh khiến hàng vạn hàng ngàn người ngưỡng mộ, dõi theo đều đi qua con đường chông gai, không ngừng trau dồi kỹ năng diễn xuất, năng lực ứng biến đối nhân xử thế, chịu đựng áp lực cường độ công việc cao hơn những gì người bình thường có thể tưởng tượng được và phải nhận được sự tiếp nhận từ phía khán giả. 

Dẫu sao thì ""Muốn ngồi ở vị trí không ai ngồi được, phải chịu được cảm giác không ai chịu được"". Làm gì có ai một đêm thành danh, chỉ có bách luyện thành thép, không ngừng nỗ lực và có đủ thiên thời địa lợi nhân hoà để có thể triệt để vươn mình lên một tầng cao hơn. 

Vội vàng hấp tấp để nắm lấy những thứ ngoài tầm với chỉ khiến bản thân khó coi trong mắt người khác cũng như làm hạ thấp đi giá trị cá nhân của mình trước bàn dân thiên hạ.",,2026-03-10T00:14:30.240Z,,PUBLISHED,2026-03-30T00:14:30.240Z,,,,
2792093c-9f31-473f-ba85-ca228e18fd76,af30b1ab-da9a-42a8-b220-576007dd082b,"AI coding agents can move fast, but they can also make plausible assumptions you wouldn't approve. In this tutorial, Daniel teaches you how to use spec-writer, a Claude Code skill he built. It turns a rough feature request into a spec, technical plan, and task breakdown so your agent guesses and rewrites less.
https://www.freecodecamp.org/news/how-to-stop-letting-ai-agents-guess-your-requirements/",,2026-03-25T00:16:04.675Z,,PUBLISHED,2026-03-30T00:16:04.675Z,,,,
27acf912-d228-48ad-8d39-699abd6d1de4,56257f1b-41d6-4f2e-9ef2-9195f5117a85,"Notice how the Masters (Eisen & Frieren) and their disciples (Stark & Fern) are practically doing the same thing 😭😂

Anime Title: 《Frieren: Beyond Journey's End (Season 2)》
📅 Starts on 16th January, every Friday at 23:00 (GMT+8)
—————————————————
📺Available Platforms:
Netflix / Bilibili / iQIYI / Crunchyroll / FPTPlay / Viettel / TrueID / True Visions Now / CatchPlay / Muse Asia YouTube Channel
(More information will be updated soon. Stay tuned!)

⚠️ The actual upload time may differ. Please refer to the platform's schedule. ⚠️
—————————————————",,2026-03-12T00:11:30.413Z,,PUBLISHED,2026-03-30T00:11:30.413Z,,,,
27bfcc90-e80f-42ca-91b6-3891fbd4791e,4444b44e-e73f-4588-ac3a-aa7052825c5c,✨ Happy Dr. Tom Tuesday! ✨ Watch his training tricks to help this puppy grow up to be the best boy!,,2026-03-20T00:10:58.076Z,,PUBLISHED,2026-03-30T00:10:58.076Z,,,,
27e1e0fc-d108-4f7f-bc82-81c418e96c0d,cd3224bd-214e-416f-a240-a21462850c9a,Puppies are the cutest animals ever! Change our minds #nationalpuppyday,,2026-03-16T00:10:58.885Z,,PUBLISHED,2026-03-30T00:10:58.885Z,,,,
27f06dcf-c4a8-446b-863f-7f4f4584addc,0eaf3dab-44d0-4bc9-a5ad-7ef101236200,Hứa hẹn bùng choáy luôn 🙂,,2026-03-22T00:16:04.886Z,,PUBLISHED,2026-03-30T00:16:04.886Z,,,,
2817a59c-ffd4-4d9e-a954-164c03e0877a,063ce956-10ac-4677-a744-7ad0b829f7a0,Chủ tịch MB Lưu Trung Thái nhận định MBS khó đạt mục tiêu thị phần nếu không gia tăng quy mô vốn và năng lực cạnh tranh.,,2026-03-21T00:12:04.870Z,,PUBLISHED,2026-03-30T00:12:04.870Z,,,,
2848fa0b-bc23-400d-96b6-a68a5f3e0cf6,fd5b4d2b-1788-4bac-a8c6-2d738376737c,"Have you heard it yet? Here's an exclusive look at #Undertone, now playing in theaters. https://imdb.visitlink.me/bO40Bt",,2026-03-02T00:13:50.910Z,,PUBLISHED,2026-03-30T00:13:50.910Z,,,,
28680926-1d06-4df4-9625-90ecc23b5b71,26c15ef0-e36c-4f43-8f04-e27562146ff3,Kanye West revealed the 'Bully' tracklist and said the album won't contain any AI.,,2026-03-12T00:14:11.411Z,,PUBLISHED,2026-03-30T00:14:11.411Z,,,,
288e3cf2-e219-4077-8af1-57bd40b7e731,ae348cee-3ed1-415d-b557-79810deda907,Why Liverpool's Champions League tie against PSG is causing fury in France 😳🇫🇷,,2026-03-11T00:16:57.604Z,,PUBLISHED,2026-03-30T00:16:57.604Z,,,,
289d50a2-6c91-4642-9a92-a926d490a47a,842d30e6-e5f4-4f6a-9040-89e907f16091,Cận cảnh BTS trên show The Tonight Show Starring Jimmy Fallon của Mỹ hôm nay:,,2026-03-21T00:14:30.240Z,,PUBLISHED,2026-03-30T00:14:30.240Z,,,,
28ac08bc-ab76-43c9-bccb-16562a73ce64,ec1e627a-5418-4713-920d-29496f252009,Bear cub couldn't leave his sibling behind! 🐻❤️,,2026-03-01T00:11:14.426Z,,PUBLISHED,2026-03-30T00:11:14.426Z,,,,
28b85ccf-224b-4362-be8e-287a6e0d27ba,201ca225-be01-440e-94d0-8de62bff41b0,"Up close, the army ant Eciton hamatum is part monster, part marvel. Curved mandibles jut from its bulbous head like a pair of scimitars. Six whip-thin legs, bristling with hairs and spines, suspend its slender thorax above the ground. Then there are the insect’s innards—the tiny brain, the musculature filling virtually every nook and cranny of the exoskeleton, the digestive tract like a thread running the length of the body.

The view of this species, and 791 others, comes thanks to a particle accelerator and years of painstaking work by a team of biologists. 

Learn more: https://scim.ag/4stHD7e",,2026-03-10T00:16:21.988Z,,PUBLISHED,2026-03-30T00:16:21.988Z,,,,
28bedb45-1d7d-4757-aeac-eb7b9ecde641,65c58780-4703-4009-8925-921f4924b4d7,"Nấu thịt nai quá ngon nhưng bị chê tới tấp vì trình bày quá ghê

Đón xem Vua Đầu Bếp Mỹ - Master Chef có bản quyền chính thức tại DANET - Dịch vụ cung cấp nội dung theo yêu cầu của BHD.

#MasterchefUS #MasterChef #VuaDauBep",,2026-03-09T00:12:41.886Z,,PUBLISHED,2026-03-30T00:12:41.886Z,,,,
28e1ae74-b95a-4411-a317-ad519ee3f2cc,2b9222fa-bd4b-4cfe-a301-f8e31cde883a,"Tội 24k.Right vcl =)) đi thi King of Rap gặp ngay boss cuối HIEUTHUHAI 🐧

#GhienAmNhac #music #rap #24kRight #KingofRap #HIEUTHUHAI",,2026-03-01T00:14:11.810Z,,PUBLISHED,2026-03-30T00:14:11.810Z,,,,
290f265b-0210-485b-a0ca-72d9e153c818,56257f1b-41d6-4f2e-9ef2-9195f5117a85,"PHIÊN BẢN LÀM LẠI CỦA ONE PIECE SẼ ĐƯỢC GIỮ NHỊP PHIM NHANH, HÌNH ẢNH HIỆN ĐẠI VÀ THOÁT KHỎI GIỜ CHIẾU DÀNH CHO THIẾU NHI

Những thông tin mới xoay quanh dự án ""The One Piece"" - bản làm lại của One Piece – đang thu hút sự chú ý khi George Wada, Chủ tịch Wit Studio kiêm CEO của Production I.G đã chia sẻ định hướng sản xuất trong một cuộc phỏng vấn gần đây.

Theo đó, bản remake được phát triển cho Netflix sẽ tập trung vào nhịp kể nhanh, gọn, loại bỏ những đoạn kéo dài không cần thiết so với phiên bản do Toei Animation thực hiện trước đây. 

Mục tiêu của việc này là để xây dựng một trải nghiệm mạch lạc hơn, đồng thời kết hợp hình ảnh hiện đại với cách kể chuyện chặt chẽ.

Động lực cho hướng đi này đến từ chính tác giả Eiichiro Oda. Ông từng bày tỏ lo ngại rằng anime gốc, vốn kéo dài nhiều năm và có những phần đầu mang phong cách cũ, có thể khó tiếp cận với thế hệ khán giả trẻ. 

Chính vì lý do trên mà bản remake được xem như cách làm mới thương hiệu để phù hợp hơn với thị hiếu hiện tại.

Về mặt phong cách, Wit Studio đặt mục tiêu đưa dự án đạt chất lượng tương đương các tác phẩm từng tạo tiếng vang như Attack on Titan, SPY x FAMILY hay Vinland Saga – những anime thường được sản xuất với tiêu chuẩn cao.

Đồng thời, phim được định hướng lên sóng vào khung giờ đêm muộn thay vì định hướng ban đầu của One Piece (bản anime gốc) là phát sóng trên khung giờ dành cho thiếu nhi.

Bạn nghĩ sao về những chiến lược, định hướng mới mà Wit Studio công bố cho phiên bản làm lại của ""One Piece""??

Nguồn: ANN via TAIHEN.
#taihennet #taihenvn",,2026-03-30T00:11:30.413Z,,PUBLISHED,2026-03-30T00:11:30.413Z,,,,
2920a164-90fa-40ab-8c89-4f7d5f4cb757,2be0df6d-8cc8-47c0-8130-21581a18ab30,So true 😂,,2026-03-27T00:13:00.830Z,,PUBLISHED,2026-03-30T00:13:00.830Z,,,,
292428a4-5ce9-4daa-89b1-a1b2759e7bd3,04611aaa-eca4-4f8c-a8be-e078953d5ea7,"Can you solve this paradox?

It seems obvious right? But what if we told you that those who pick the other option find it equally as obvious, and that the answers have an almost 50/50 split?

Newcomb's paradox says a lot about free will and about how you solve problems. Our most recent video on YouTube goes in depth at the reasoning behind each choice and the philosophical implications.

#veritasium #science #physics #math #newcomb",,2026-03-18T00:16:37.701Z,,PUBLISHED,2026-03-30T00:16:37.701Z,,,,
2994560c-ae88-4979-8417-dfab4bb72ee7,4bc7eff0-091a-45f8-84ca-72276cc4fc1e,"Trường Tiểu học và Trung học cơ sở Tô Múa, nằm tại vùng cao của tỉnh Sơn La, là một trong 10 trường trên cả nước được lựa chọn thí điểm mô hình bữa ăn học đường. Chương trình nhằm đảm bảo dinh dưỡng hợp lý, kết hợp tăng cường hoạt động thể lực cho học sinh, sinh viên Việt Nam trong năm học 2020–2021. Thời điểm đó, mỗi học sinh đều được uống một hộp sữa mỗi ngày.

Hiện nay, sau 5 năm kể từ khi kết thúc giai đoạn thí điểm, việc uống sữa của các em đã không còn đồng đều như trước mà phụ thuộc vào sở thích và điều kiện của từng gia đình.

Đón xem “Vì tầm vóc Việt” – 18h25 hàng ngày trên VTV1 và nền tảng truyền hình số quốc gia VTVgo. Chương trình do Trung tâm Sản xuất và Phát triển Nội dung số (VTV Digital), Đài Truyền hình Việt Nam thực hiện với sự đồng hành của Tập đoàn TH.",,2026-03-04T00:15:25.605Z,,PUBLISHED,2026-03-30T00:15:25.605Z,,,,
29c982a5-d839-4e45-8669-37769f753349,0eaf3dab-44d0-4bc9-a5ad-7ef101236200,"Theo thông báo, VPN tích hợp sẽ điều hướng lưu lượng truy cập trình duyệt qua một máy chủ proxy, giúp ẩn địa chỉ IP và vị trí thực của người dùng mà không cần cài đặt thêm bất kỳ ứng dụng hay tiện ích mở rộng nào. Người dùng sẽ nhận được 50 GB dữ liệu hằng tháng hoàn toàn miễn phí, giai đoạn thử nghiệm đầu tiên sẽ áp dụng tại Mỹ, Pháp, Đức và Anh.

Mozilla cho biết việc triển khai theo từng giai đoạn nhằm đánh giá hiệu suất và nhu cầu người dùng trước khi mở rộng ra toàn cầu.

Giữa bối cảnh thị trường trình duyệt bị chi phối bởi các công cụ AI và quảng cáo, Mozilla vẫn kiên trì với hướng đi riêng. Hãng nhấn mạnh rằng dịch vụ VPN này tuân thủ chính sách giám sát dữ liệu giới hạn, nghĩa là ngay cả Mozilla cũng không biết người dùng truy cập trang web nào hay làm gì trên đó. Mọi dữ liệu đồng bộ như lịch sử và dấu trang đều được mã hóa đầu cuối (end-to-end) trước khi rời khỏi thiết bị.

Bên cạnh VPN, bản cập nhật 149 còn mang đến nhiều công cụ năng suất đáng chú ý:
- Split View: Cho phép duyệt hai trang web song song trên cùng một cửa sổ.
- Tab Notes: Tính năng ghi chú trực tiếp trên tab (nằm trong Firefox Labs).
- Smart Window: Tên gọi mới của 'AI Window', đóng vai trò là trợ lý duyệt web tùy chọn (người dùng có thể bật hoặc tắt tùy ý).
- Sanitizer API: Firefox là trình duyệt đầu tiên hỗ trợ tiêu chuẩn bảo mật này để chặn các cuộc tấn công mã độc trước khi chúng tiếp cận người dùng.

Người dùng cần lưu ý là công cụ VPN này chỉ bảo vệ lưu lượng truy cập bên trong trình duyệt Firefox. Các ứng dụng khác chạy trên máy tính vẫn sẽ sử dụng kết nối internet thông thường mà không được bảo vệ bởi VPN này.

Theo Phong Đỗ 
Nguồn: Báo Thanh Niên",,2026-03-02T00:16:04.886Z,,PUBLISHED,2026-03-30T00:16:04.886Z,,,,
29d414a3-cf6d-428f-8d79-6533398ac741,06339fa5-01b2-495c-8f7d-a40e941ceecf,"""Tôi đã mất chồng, mất con. Suốt thời gian qua, chúng tôi chờ đợi từng ngày. Gia đình tôi vẫn luôn có niềm tin rằng pháp luật, công lý sẽ được thực thi, ai sai phải chịu trách nhiệm” - mẹ của nữ sinh bị tông tuvong ở Vĩnh Long chia sẻ trong nước mắt...

#Vietnamnet #Thờisự",,2026-03-03T00:15:04.278Z,,PUBLISHED,2026-03-30T00:15:04.278Z,,,,
2a0eb9d2-54bb-4052-9e12-ae560cc6551f,2be0df6d-8cc8-47c0-8130-21581a18ab30,Please don’t,,2026-03-23T00:13:00.831Z,,PUBLISHED,2026-03-30T00:13:00.831Z,,,,
2a4674f4-2ced-41fe-9a28-836a40f19363,65c3ee41-578f-48ba-8572-70f3993e3105,"When she saves her over FaceTime 🥹❤️‍🩹

Lex and Omar told us how spotting this skinny, stray dog while on vacation in Bocas del Toro became a life-changing, years-long journey that still feels completely meant to be 💛",,2026-03-30T00:10:58.272Z,,PUBLISHED,2026-03-30T00:10:58.272Z,,,,
2a8aad55-5717-4a54-ad24-7e1e14b2661d,da59f15f-d533-46f2-bb1e-fef513f7658b,Only one more step for Kosovo to get to the #FIFAWorldCup. 🇽🇰,,2026-03-06T00:16:38.324Z,,PUBLISHED,2026-03-30T00:16:38.324Z,,,,
2ac97cb7-450f-4d48-abab-2f5aab71f6fc,5a3c02df-6c93-4aae-b63e-f598c32df599,Bettina Pousttchi’s new sculpture marks the public U.S. debut for her “Vertical Highways” series.,,2026-03-03T00:11:30.613Z,,PUBLISHED,2026-03-30T00:11:30.613Z,,,,
2ad1960f-0406-4ab5-b91c-aecccbad154c,0eaf3dab-44d0-4bc9-a5ad-7ef101236200,"Our Ranking Engineer Agent (REA) autonomously executes key steps across the end-to-end machine learning (ML) lifecycle for ads ranking models.

REA reduces the need for manual intervention, managing asynchronous workflows spanning days to weeks through a hibernate-and-wake mechanism, with human oversight at key strategic decision points.

Read this post that covers REA’s ML experimentation capabilities: autonomously generating hypotheses, launching training jobs, debugging failures, and iterating on results: ",,2026-03-09T00:16:04.885Z,,PUBLISHED,2026-03-30T00:16:04.885Z,,,,
2b10483f-cec7-4f81-8d4f-456ea819fdd7,af30b1ab-da9a-42a8-b220-576007dd082b,"Many image converters send your files to a server. But in this tutorial, Bhavin teaches you how to build a browser-based image converter with JavaScript that runs entirely on the client side. You'll also learn how to read local files, use the Canvas API to convert formats, and let users download the result right away. 
https://www.freecodecamp.org/news/build-a-browser-based-image-converter-using-javascript/",,2026-03-27T00:16:04.675Z,,PUBLISHED,2026-03-30T00:16:04.675Z,,,,
2b4bc2a3-10e9-467b-ad75-51c948ef9ea6,201ca225-be01-440e-94d0-8de62bff41b0,"Ball pythons get their name from a classic defensive maneuver: They coil up into a ball and tuck in their heads. But their scales conceal another, far more subtle form of defense: microscopic spikes that inhibit bacterial buildup.

The discovery could inspire antimicrobial materials that work mechanically rather than chemically.

Learn more: https://scim.ag/4soNOtz",,2026-03-23T00:16:21.988Z,,PUBLISHED,2026-03-30T00:16:21.988Z,,,,
2b512113-20eb-41db-9050-5b43c7e92809,b1880d5a-11cc-408c-baa2-55dd1b4cc000,Vợ chồng Võ Hạ Trâm tình bể bình nắm tay nhau không rời tại thảm đỏ khiến dân tình quắn quéo cùng màn bắn tiếng Anh siêu đỉnh #AVIFW2025 #Aquafina #MultimediaJSC #beUModels #beUAcademy,,2026-03-27T00:12:20.961Z,,PUBLISHED,2026-03-30T00:12:20.961Z,,,,
2b63cf80-e0a2-48e2-bc16-289785c320d8,bb264706-0be1-43ae-997a-138bca242377,"In a high-profile show of solidarity, Iranian President Masoud Pezeshkian has publicly thanked Vladimir Putin and the Russian people, stating that their support is a primary source of inspiration for Iran during the ongoing conflict. This open display of the Moscow-Tehran alliance signals a deepening of military and diplomatic ties that could fundamentally shift the regional balance of power.

The Iranian leadership is increasingly leaning on Russia for both strategic guidance and potential hardware support as the pressure from Western strikes continues to mount. By framing the relationship as one based on mutual ""inspiration,"" Pezeshkian is signaling to the world that Iran does not stand alone and has a powerful nuclear-armed partner in its corner.

Strategic analysts suggest that this alliance is a direct response to the ""maximum pressure"" campaign led by Washington. Russia, facing its own set of international challenges, likely views a strong Iran as a necessary counterweight to U.S. influence in the Middle East and a vital component of a new, multipolar world order.

This public gratitude also likely points to back-channel cooperation in areas such as satellite intelligence, drone technology, and energy market coordination. As the 48-hour deadline for the pause on strikes against Iranian infrastructure approaches, the strength of this partnership will be a critical factor in determining Tehran's next move.

The international community is closely watching for any signs of direct Russian military intervention or the provision of advanced S-400 missile defense systems to Iran. Such a move would represent a point of no return for the conflict, potentially drawing the world's two largest nuclear powers into a direct confrontation.

#Iran #Russia #Putin #Pezeshkian #BreakingNews #Geopolitics",,2026-03-05T00:15:43.980Z,,PUBLISHED,2026-03-30T00:15:43.980Z,,,,
2b6ac06d-c1ba-41bf-8b17-212438bcfef2,e80c9d9f-94e9-46db-85a6-1a3fd705818b,Đề nghị mấy anh ngưng cast phép thao túng LoL Esports 😨😘🐧,,2026-03-19T00:13:17.514Z,,PUBLISHED,2026-03-30T00:13:17.514Z,,,,
2b6f34ce-f1da-4f8e-8a74-793e0b0f63ba,a6022d31-7bf8-43d3-a8c6-6470fecff46f,"Tuy là ba Hùng trong mắt 2 cô con gái nhưng vẫn hoá ""ông kẹ"" với nhóc tì nhà hàng xóm 🤣
----------
ANH HÙNG - Khởi chiếu từ 24.4.2026 - Dịp lễ Giỗ Tổ Hùng Vương và Đại lễ 30/4 - 1/5
#AnhHung #AnhHungMovie #HKFilm #VPictures #CGVCinemasVietnam #ThaiHoa",,2026-03-17T00:13:50.702Z,,PUBLISHED,2026-03-30T00:13:50.702Z,,,,
2b9d059d-e5a8-4550-8017-fde5971ad7ce,b1880d5a-11cc-408c-baa2-55dd1b4cc000,"ĐẶC QUYỀN RIÊNG – ƯU ĐÃI RIÊNG DÀNH CHO MEMBER ACFC 🔥 https://bom.so/HgPsHw
Loạt phụ kiện thời trang hàng hiệu đậm chất Hè nay đang có ưu đãi độc quyền dành riêng cho thành viên ACFC ✨
Trở thành thành viên ACFC, bạn đang có trong tay đặc quyền giảm giá đến 50%++ và voucher giảm thêm lên đến 900K
💥 Nhập mã ngay:
▪ ACFCTV15 – Giảm thêm 15% (tối đa 900K) cho đơn nguyên giá từ 2 Triệu
▪ ACFCTV8 – Giảm thêm 8% (tối đa 500K) cho đơn sau giảm từ 1,5 Triệu
🛍️ Thời điểm hoàn hảo để nâng cấp wardrobe với loạt items từ các thương hiệu quốc tế
👉 Đừng bỏ lỡ đặc quyền chỉ dành riêng cho bạn!
MUA NGAY – ƯU ĐÃI KHÔNG CHỜ AI
#ACFC #ACFCMember #DacQuyenThanhVien #MemberExclusive #SaleUpTo50 #FashionDeals #WardrobeUpgrade",,2026-03-05T00:12:41.663Z,,PUBLISHED,2026-03-30T00:12:41.663Z,,,,
2bb99e3b-b80d-4959-97b8-feb9e7eb88d9,cd18b325-af17-4a51-899b-d917f57eb898,"Rayner did not name the PM in her attack on Labour's direction and policies - but she did not have to, Henry Zeffman and Chris Mason write.",,2026-03-27T00:15:26.313Z,,PUBLISHED,2026-03-30T00:15:26.313Z,,,,
2bca181b-469c-446f-bdc1-446c106a9b11,1c4762f2-1dc9-47f4-847b-764ef074ce9b,"First Lady Melania Trump appeared at the White House on March 25, 2026, alongside “Figure 03,” a humanoid robot developed by U.S. company Figure AI, during the “Fostering the Future Together” Global Coalition Summit.

The robot walked with her into the East Room, greeted attendees in multiple languages, and introduced itself as an American-made humanoid. 

Melania Trump called it her “first American-made humanoid guest in the White House,” highlighting the moment as historic.

The summit brought together representatives from over 40 countries, including France’s Brigitte Macron, and focused on AI, education technology, children’s access to tools, and digital safety.

Figure 03 later stepped aside as the event continued, which explored how AI and robotics could support learning and everyday tasks, while also addressing safety concerns.

#AI #HumanoidRobot #Robotics #WhiteHouse #MelaniaTrump #FigureAI",,2026-03-15T00:17:15.505Z,,PUBLISHED,2026-03-30T00:17:15.505Z,,,,
2c19ed0d-2d3f-43b2-8ae2-ca6a63a00f7e,e80c9d9f-94e9-46db-85a6-1a3fd705818b,"Tóm tắt thế thức LCP 2026 Giai Đoạn 2:

👉 VÒNG LOẠI (04.04 - 17.05)
- BO3 Vòng Tròn Một Lượt
- Đánh 8 lấy 6

👉 VÒNG KNOCKOUT (23.05 - 07.06)
- BO5 Nhánh Thắng Nhánh Thua
- Đội vô địch sẽ là seed #1 LCP đi MSI
- Đội có điểm tích lũy Championship Point cao nhất sẽ là seed #2 LCP đi MSI",,2026-03-20T00:13:17.513Z,,PUBLISHED,2026-03-30T00:13:17.513Z,,,,
2c2118e2-c73b-40d5-968b-8cc5ec5b1d16,f9bb992c-f613-4e52-8d15-905f35113610,"CÔNG BỐ TEASER ĐẦU TIÊN CỦA SERIES TRUYỀN HÌNH ""HARRY POTTER VÀ HÒN ĐÁ PHÙ THỦY""

Sau bao ngày chờ đợi, teaser đầu tiên của series truyền hình Harry Potter and the Philosopher’s Stone (Hòn Đá Phù Thủy) đã chính thức lộ diện, đưa chúng ta trở về với sân ga 9 3/4 huyền thoại.

Khán giả sẽ được gặp lại bộ ba Harry (Dominic McLaughlin), Hermione (Arabella Stanton) và Ron (Alastair Stout) ngay từ những giây phút đầu tiên họ làm quen trên chuyến tàu định mệnh năm 11 tuổi. Những thước phim ngắn ngủi nhưng đầy hoài niệm đã tái hiện lại khoảnh khắc Harry lần đầu gặp bác Hagrid (do Nick Frost thủ vai), giây phút hồi hộp dưới chiếc Nón Phân Loại và trận Quidditch rực lửa trong màu áo Gryffindor.

Hẹn gặp lại các phù thủy nhỏ tại Hogwarts vào dịp Giáng sinh năm nay.",,2026-03-17T00:14:11.606Z,,PUBLISHED,2026-03-30T00:14:11.606Z,,,,
2c3062fe-e6bf-431e-8fd0-0ab7a6fdbedb,2be0df6d-8cc8-47c0-8130-21581a18ab30,(No text content),,2026-03-17T00:13:00.830Z,,PUBLISHED,2026-03-30T00:13:00.830Z,,,,
2c520daa-363b-45a8-b98c-44a2d548a623,5a3c02df-6c93-4aae-b63e-f598c32df599,Thelonious Monk’s List of 25 Tips for Musicians. 16# Always leave them wanting more.,,2026-03-28T00:11:30.613Z,,PUBLISHED,2026-03-30T00:11:30.613Z,,,,
2c5ce579-0f62-48f2-b8b8-f8605803bd20,7cbd37a4-3374-4291-bd6d-b2474273342a,"""Tune In to the Midnight Heart"" anime is getting a Season 2!",,2026-03-26T00:11:14.626Z,,PUBLISHED,2026-03-30T00:11:14.626Z,,,,
2c5e9f47-302e-4168-864c-a497c4cdb5ba,a6022d31-7bf8-43d3-a8c6-6470fecff46f,"ĐẠO DIỄN SERIES DORAEMON - SHIBAYAMA TSUTOMU QUA ĐỜI Ở TUỔI 85

Chiều ngày 17/3, làng hoạt hình Nhật Bản ghi nhận tin buồn khi đạo diễn Shibayama Tsutomu trút hơi thở cuối cùng do căn bệnh ungthuphoi, hưởng thọ 85 tuổi. Sự ra đi của ông chỉ cách ngày sinh nhật lần thứ 86 đúng ba ngày.

Đạo diễn Shibayama Tsutomu sinh năm 1941, là nhân vật có tầm ảnh hưởng sâu rộng trong ngành công nghiệp hoạt hình Nhật Bản. Ông được biết đến nhiều nhất với vai trò đạo diễn chính của series Doraemon trong hơn 20 năm (từ 1983 đến 2005), đồng thời là người định hình phong cách hoạt họa cho nhiều tác phẩm kinh điển khác như Ninja Loạn Thị (Nintama Rantaro) và Nhóc Maruko.

Công ty Ajiadō Animation Works, nơi ông gắn bó, đã chính thức xác nhận thông tin và bày tỏ lòng tri ân sâu sắc trước những đóng góp to lớn của ông. Trong suốt sự nghiệp, Shibayama Tsutomu luôn giữ thái độ khiêm tốn. Ông từng hóm hỉnh sử dụng cụm từ ""Temae miso"" (tự khen món miso nhà làm) khi bình chọn chính các tập phim Doraemon do mình chỉ đạo vào danh sách những tác phẩm hoạt hình xuất sắc nhất. Với ông, việc cống hiến cho các thương hiệu lớn không phải là rào cản sáng tạo mà là niềm tự hào được bồi đắp ký ức cho nhiều thế hệ khán giả (bao gồm cả người viết và người đọc bài này).

Nguồn cảm hứng đưa ông đến với nghề bắt nguồn từ tác phẩm Nàng chăn cừu và anh thợ quét ống khói (1953) của Paul Grimault. Chính sự khác biệt trong phong cách hoạt họa thế giới đã giúp ông kiến tạo nên một vũ trụ Doraemon đầy cảm xúc và có sức sống vượt thời gian.

Sự ra đi của Shibayama Tsutomu không chỉ là mất mát lớn đối với ngành hoạt hình mà còn để lại niềm tiếc thương cho khán giả - những người đã lớn lên cùng chú mèo máy.

Bên dưới là một số tác phẩm tiêu biểu trong sự nghiệp của đạo diễn Shibayama Tsutomu:

- Doraemon: Nobita và Vương quốc chó mèo (2004)
- Doraemon: Nobita và Những pháp sư gió bí ẩn (2003)
- Doraemon: Nobita và Những dũng sĩ có cánh (2001)
- Doraemon: Nobita và Ba chàng hiệp sĩ mộng mơ (1994)
- Doraemon: Nobita ở Xứ sở nghìn lẻ một đêm (1991)",,2026-03-19T00:13:50.703Z,,PUBLISHED,2026-03-30T00:13:50.703Z,,,,
2c6ddd27-9475-4074-89fe-4801ad83117a,7cbd37a4-3374-4291-bd6d-b2474273342a,"OFFICIAL: ""JUJUTSU KAISEN"" Season 4  TV Anime Announced!
More: acani.me/jujutsu-s4

Season 3 (Culling Game Arc Part 1) concluded today with Episode 12.",,2026-03-28T00:11:14.626Z,,PUBLISHED,2026-03-30T00:11:14.626Z,,,,
2c7426e4-4054-4083-8dcf-f4fec3d5da39,4bc7eff0-091a-45f8-84ca-72276cc4fc1e,Đường dây này đã huy động được hàng tỷ USD của các nhà đầu tư thông qua lập sàn giao dịch ONUS.,,2026-03-10T00:15:25.605Z,,PUBLISHED,2026-03-30T00:15:25.605Z,,,,
2c7cd002-b878-40e3-b5e4-1caf3d9aedd7,56257f1b-41d6-4f2e-9ef2-9195f5117a85,"Who need fishing rod or spear to catch fish? we only need Yuuya 

Anime Title: 《I Got a CHEAT SKILL in ANOTHER WORLD and Became UNRIVALED in the REAL WORLD, Too》

The TV Special will coming soon!
More information will be updated. Stay tuned for more information.
—————————————————",,2026-03-12T00:11:30.412Z,,PUBLISHED,2026-03-30T00:11:30.412Z,,,,
2c8b7861-84a6-4d07-8adb-7e7f5ee23363,a6f43c21-de9d-4c11-b41d-c22d63b8579f,"50 NĂM SAU CHIẾN TRANH: VIỆT NAM MỞ ĐƯỜNG CHO KỶ NGUYÊN HẠT NHÂN ĐÔNG NAM Á

Nửa thế kỷ sau dấu mốc thống nhất 1975, Việt Nam thực hiện một cú xoay trục địa chính trị có tầm vóc tương đương: Xác lập chủ quyền năng lượng thông qua điện hạt nhân. Việc ký kết dự án Ninh Thuận 1 ngày 23/03/2026 tại Nga khẳng định vị thế quốc gia đầu tiên tại ASEAN thực thi lộ trình năng lượng nguyên tử, phá vỡ sự trì trệ kéo dài hàng thập kỷ của khu vực vốn vẫn đang dừng ở mức khảo sát.

Bước ngoặt thực sự không nằm ở bản hợp đồng năm 2026, mà nằm ở quyết sách của Bộ Chính trị năm 2025. Đây là quyết định lịch sử nhằm hồi sinh dự án hạt nhân sau gần một thập kỷ tạm dừng (2016-2025), đánh dấu sự chuyển dịch tư duy từ ""quản trị tài chính ngắn hạn"" sang ""kiến tạo an ninh chiến lược"".

Bộ Chính trị xác định hạt nhân là ""mỏ neo"" baseload (điện nền) duy nhất giải bài toán tam đoạn luận: Net Zero 2050 – Công suất ổn định – Tự chủ cung ứng. Quyết sách này thiết lập một ""pháo đài bảo hiểm"" cho các ngành công nghệ tỷ đô (bán dẫn, AI) trước sự bất định của thời tiết và các rào cản kỹ thuật khắt khe về phát thải carbon toàn cầu.

✅ Bài học tổn thương và phép thử Trung Đông

Với độ mở kinh tế trên 200% GDP, việc phụ thuộc nhiên liệu hóa thạch nhập khẩu khiến Việt Nam thành ""con tin"" của thị trường giao ngay (Spot Market). Khi giá năng lượng đầu vào biến động từ 150-300% trong các cuộc khủng hoảng, lợi thế cạnh tranh quốc gia bị đe dọa trực tiếp.

Sự đúng đắn của quyết sách năm 2025 được xác thực bởi cuộc khủng hoảng Trung Đông đầu năm 2026. Khi các eo biển huyết mạch bị phong tỏa khiến nguồn cung dầu mỏ và khí đốt toàn cầu nghẹt thở, kéo theo mặt bằng giá năng lượng thế giới vọt ngưỡng 40 USD/BTU. Trong bối cảnh đó, lộ trình hạt nhân hiện lên như giải pháp ""miễn dịch"". Với mật độ năng lượng siêu cao (1kg Uranium ~ 20.000kg nhiên liệu truyền thống), hạt nhân cho phép dự trữ chiến lược 24 tháng, vô hiệu hóa hoàn toàn các cú sốc cung ứng và yêu sách địa chính trị ngoại bang.

✅ Ninh Thuận 1: Định lượng hóa quyền tự cường

Ninh Thuận 1 là cột trụ bảo chứng cho sự ổn định vĩ mô. Dự án sẽ:
📍 Cung ứng ổn định 18 tỷ kWh/năm, chiếm 5-7% nhu cầu điện quốc gia.
📍 Thay thế hoàn toàn hàng triệu tấn nhiên liệu hóa thạch nhập khẩu hàng năm.
📍 Tiết kiệm khoảng 2 tỷ USD ngoại tệ mỗi năm, gia cố bảng cân đối kế toán quốc gia.

50 năm sau khi giành độc lập lãnh thổ, Việt Nam dùng hạt nhân làm ""biên giới mềm"" bảo vệ chủ quyền kinh tế. Việc dẫn đầu Đông Nam Á khẳng định vị thế quốc gia tự cường, làm chủ công nghệ lõi. Tự chủ năng lượng chính là bản tuyên ngôn độc lập viết bằng nội lực công nghệ và sự ổn định vĩ mô bền vững.

#ccnnews #chinhtrivietnam #tinnoichinh #dienhatnhan #vietnamnga",,2026-03-17T00:15:44.195Z,,PUBLISHED,2026-03-30T00:15:44.195Z,,,,
2cb532e3-f474-4790-ab67-c49a16faf69f,99b31143-ccb7-4122-a183-d27b9191a3e4,(No text content),,2026-03-12T00:13:17.293Z,,PUBLISHED,2026-03-30T00:13:17.293Z,,,,
2cbb98d5-fbf7-4d29-8d30-84730b60b185,ec1e627a-5418-4713-920d-29496f252009,Owner finds and rescues his dogs after three days of missing!,,2026-03-20T00:11:14.426Z,,PUBLISHED,2026-03-30T00:11:14.426Z,,,,
2cf2c029-8871-4844-8462-d4bd3d73160b,06339fa5-01b2-495c-8f7d-a40e941ceecf,"Thứ trưởng Bộ Xây dựng Nguyễn Việt Hùng giữ chức Phó Bí thư Tỉnh ủy Khánh Hòa

#Chínhtrị",,2026-03-25T00:15:04.278Z,,PUBLISHED,2026-03-30T00:15:04.278Z,,,,
2cf80bd1-1c90-45a8-bd53-bd792d245fce,af30b1ab-da9a-42a8-b220-576007dd082b,"For today's coding challenge, you'll get a string - and you'll need to return a new string that's truncated so that the total width of the characters doesn't exceed 50 units. See if you can solve it on the freeCodeCamp mobile app.",,2026-03-11T00:15:44.390Z,,PUBLISHED,2026-03-30T00:15:44.390Z,,,,
2d0f881e-09fe-4e41-9025-34b823259f37,e6eecc77-6d92-46df-b92d-7ee2391ae019,"Salesforce is skipping raises for directors and above this year, instead boosting stock and bonus pools to reward top performers in those levels.

(Credit: Getty Images)

#salesforce #techjobs #salary #bonus",,2026-03-17T00:16:58.388Z,,PUBLISHED,2026-03-30T00:16:58.388Z,,,,
2d1e35f0-639c-440c-a618-bcda73e0173d,e80c9d9f-94e9-46db-85a6-1a3fd705818b,Cảm giác như mới ngày hôm qua . Time flies 😭,,2026-03-07T00:13:17.515Z,,PUBLISHED,2026-03-30T00:13:17.515Z,,,,
2d2e8a9b-cff1-4c33-96ed-77b76719b2d3,d7497b01-a9a0-4cd7-8999-666a8ca37779,"Các nhà đầu tư nghĩ sao về quan điểm này?
#vtvindex #vietnamvacacchiso",,2026-03-11T00:12:04.667Z,,PUBLISHED,2026-03-30T00:12:04.667Z,,,,
2d34c66e-75ed-4696-b08b-a10ddd68a4b2,842d30e6-e5f4-4f6a-9040-89e907f16091,"Album 'ARIRANG' của BTS nhận được những đánh giá tích cực từ các nhà phê bình:

📀 Rolling Stone UK: 5/5
📀 VIEW OF THE ART: 5/5
📀 Rolling Stone: 4.5/5
📀 Consequence: 83/100
📀 AllMusic: 4.5/5
📀 Clash: 4/5
📀 The Guardian: 4/5
📀 The Telegraph: 4/5
📀 Associated Press (AP): 4/5
📀 NME: 4/5
📀 NY Times: Lựa chọn của Nhà phê bình (Critic's Pick)
📀 Pitchfork: 5.3/10

Trong đó, Rolling Stone UK đánh giá điểm tuyệt đối với nhận xét: ""Hành trình chinh phục thế giới của nhóm nhạc này quả thực phi thường, vì vậy việc họ cho ra mắt một album có quy mô hoành tráng là điều hoàn toàn xứng đáng""

VIEW OF THE ART nhận định, ""album này tượng trưng cho sự trở về và hàn gắn vết thương lòng thông qua việc quay trở lại với âm nhạc và sân khấu.""

Các chuyên trang đánh giá âm nhạc đều có chung nhận định khen ngợi việc phân chia album thành 2 phần bởi ca khúc thứ 6, “No. ""29""; tựa đề này đề cập đến Chuông thiêng của Vua Seongdeok (hiện đang được trưng bày tại Bảo tàng Quốc gia Gyeongju), được biết đến là Bảo vật Quốc gia số 29 của Hàn Quốc. 

Là trái tim của album, nó đóng vai trò là khoảnh khắc trang nghiêm, mang tính biểu tượng đối với BTS và mối liên hệ của họ với quê hương và với nhau.  

""Thời lượng 1 phút 37 giây tượng trưng cho khoảng thời gian âm thanh của chuông dần tắt. Điều này được sử dụng để đánh dấu sự chuyển tiếp từ quá khứ sang hiện tại-tương lai. Năm bài hát đầu tiên tri ân nguồn gốc của họ với tư cách là một nhóm nhạc hip-hop, trong khi bảy bài hát cuối cùng chuyển hướng khỏi những nhịp điệu rap mạnh mẽ, hướng đến sự khám phá sâu sắc nhưng vẫn năng động về BTS hiện tại. Sự thay đổi này phản ánh sự trưởng thành và tiến hóa của họ theo thời gian""",,2026-03-30T00:14:30.240Z,,PUBLISHED,2026-03-30T00:14:30.240Z,,,,
2d486f33-29f9-4c6f-96eb-e88247dedc73,d7497b01-a9a0-4cd7-8999-666a8ca37779,"VTV Index đang thực hiện chương trình Điểm chạm chính sách về vấn đề thực phẩm bẩn và truy xuất nguồn gốc xuất xứ thực phẩm. Nếu bạn cũng quan tâm, hay cho chúng tôi biết quan điểm của bạn!

#diemchamchinhsach #vtvindex",,2026-03-15T00:12:04.667Z,,PUBLISHED,2026-03-30T00:12:04.667Z,,,,
2d5ddda5-d9a3-4251-ae36-d73ef64bd602,ec1e627a-5418-4713-920d-29496f252009,"Two years later, fate brought the two back together again… See it for yourself in the comments 💔",,2026-03-27T00:10:59.117Z,,PUBLISHED,2026-03-30T00:10:59.117Z,,,,
2d748473-1b3d-49ab-bed2-1924dc8a25f3,a6f43c21-de9d-4c11-b41d-c22d63b8579f,"‼️ HÒA HỢP DÂN TỘC – CHỦ TRƯƠNG NHÂN VĂN, ĐÚNG ĐẮN, KHÔNG THỂ BỊ BÓP MÉO BỞI NHỮNG LUẬN ĐIỆU HẰN HỌC

        Ngày 6/10/2025, trang blog BBC News Tiếng Việt đăng tải bài viết “Việt Nam: Quá khứ không vui và không thành thật”, với nội dung xuyên tạc, bóp méo chính sách “hòa hợp, hòa giải dân tộc” của Đảng và Nhà nước Việt Nam. Bài viết dựa trên thông tin về cuộc hội thảo tổ chức tại Đại học U.C. Berkeley (Hoa Kỳ), cố tình đưa ra những nhận định sai lệch, cho rằng Việt Nam “chỉ viết lịch sử có lợi cho mình”, “phớt lờ thảm cảnh thuyền nhân”, hay “coi người Việt ở phương Tây là phản bội Tổ quốc”. Tệ hại hơn, họ còn đánh tráo khái niệm, xuyên tạc rằng đó không phải “hòa giải” mà là “hóa giải” – một “chiếc cầu chưa bao giờ đến đích”.

        Những luận điệu này không mới, nhưng vẫn đầy nguy hiểm, bởi nó đánh vào tình cảm, ký ức, nỗi đau của quá khứ để gieo rắc hoài nghi, chia rẽ khối đại đoàn kết dân tộc. Cần phải khẳng định rằng, hòa hợp, hòa giải dân tộc là một chủ trương lớn, mang tính nhân văn sâu sắc, được Đảng và Nhà nước Việt Nam kiên trì thực hiện suốt gần 50 năm qua, với mục tiêu cao nhất là xóa bỏ mặc cảm, hận thù, gắn kết mọi người Việt Nam trong và ngoài nước, cùng hướng tới tương lai. Đó là sự lựa chọn đúng đắn, hợp quy luật phát triển và phù hợp với truyền thống “đại nghĩa, khoan dung” của dân tộc ta.

        Từ sau năm 1975, khi đất nước thống nhất, Đảng và Nhà nước ta đã chủ trương khép lại quá khứ, hướng tới tương lai, không để vết thương chiến tranh chia rẽ con người Việt Nam. Chính sách đại đoàn kết dân tộc được xác định là đường lối chiến lược lâu dài, thể hiện rõ qua nhiều văn kiện, nghị quyết của Đảng – từ Cương lĩnh năm 1991, đến Nghị quyết 36-NQ/TW (2004) và gần đây là Kết luận 12-KL/TW (2021) của Bộ Chính trị về công tác người Việt Nam ở nước ngoài trong tình hình mới. Tinh thần xuyên suốt của các văn kiện ấy là: “Người Việt Nam dù ở đâu, làm gì, đều là một phần máu thịt của Tổ quốc Việt Nam”.

        Những chủ trương này không chỉ là lời nói, mà đã được cụ thể hóa bằng hàng loạt chính sách thiết thực: miễn thị thực cho kiều bào, tạo điều kiện về đầu tư – kinh doanh, hỗ trợ hồi hương, mở rộng giao lưu văn hóa, hợp tác khoa học – giáo dục, và đặc biệt là tôn vinh những người Việt ở nước ngoài có đóng góp cho quê hương. Chỉ tính riêng giai đoạn 2018–2023, lượng kiều hối gửi về Việt Nam đạt trung bình hơn 18 tỉ USD/năm, hàng nghìn trí thức, doanh nhân, văn nghệ sĩ Việt kiều về nước làm việc, đầu tư, giảng dạy, cống hiến cho sự phát triển của đất nước. Những con số ấy là minh chứng sống động cho sự hòa hợp dân tộc thực sự, chứ không phải là “chiếc cầu ảo” như BBC và một số kẻ chống phá rêu rao.

Thế nhưng, những phần tử thù địch, cơ hội chính trị lại không chấp nhận sự thật ấy. Họ sợ hòa hợp, bởi khi người Việt trong và ngoài nước xích lại gần nhau, họ sẽ mất đi công cụ để kích động, chia rẽ, để “nuôi dưỡng hận thù” và duy trì các tổ chức chống phá lưu vong. Thủ đoạn quen thuộc của họ là đánh vào tâm lý thương cảm, m. ặc cảm và quá khứ đau thương, biến những câu chuyện nhân đạo thành “v. ũ khí chính trị”. Họ cố tình khai thác hình ảnh “thuyền nhân”, “trại cải tạo” một cách phiến diện, cắt rời khỏi bối cảnh lịch sử cụ thể, nhằm vẽ nên một Việt Nam “phi nhân, độc đoán”, đối lập với “thế giới tự do”. Đây là chiêu trò nguy hiểm, bởi nó không chỉ xúc phạm sự thật lịch sử, mà còn xúc phạm cả những người Việt Nam đã và đang nỗ lực hàn gắn, vượt qua quá khứ để hướng về tương lai.

        Điều cần nhấn mạnh là: lịch sử không thể bị viết lại theo ý muốn của ai, mà phải được nhìn nhận khách quan, toàn diện, công bằng. Việt Nam chưa bao giờ né tránh quá khứ; ngược lại, chúng ta luôn thẳng thắn đối diện, đánh giá công bằng với cả những sai lầm, mất mát. Nhưng nhìn lại quá khứ không có nghĩa là để khơi dậy hận thù. Mục tiêu của Việt Nam là hòa bình, ổn định, phát triển, chứ không phải đào xới vết thương để phục vụ mục đích chính trị của bất kỳ ai.

        Trên thực tế, quan hệ giữa Việt Nam và cộng đồng người Việt ở nước ngoài chưa bao giờ rộng mở và thân tình như hiện nay. Hàng năm, hàng trăm nghìn kiều bào trở về quê hương du lịch, làm việc, đầu tư; nhiều tổ chức hội đoàn người Việt tại Mỹ, Pháp, Đức, Nhật Bản, Hàn Quốc... đã chủ động phối hợp với các cơ quan ngoại giao Việt Nam để tổ chức các chương trình văn hóa, ẩm thực, quảng bá hình ảnh đất nước. Đó là thành quả của chính sách hòa hợp, hòa giải dân tộc đúng đắn, nhân văn và thực chất.

        Những luận điệu hằn học, xuyên tạc của BBC News Tiếng Việt và một số tổ chức thù địch chỉ là tiếng vọng yếu ớt của những kẻ mắc kẹt trong quá khứ. Họ cố tình bám vào những góc khuất của lịch sử để phủ nhận hiện tại, dùng sự “nghi ngờ” để phủ định sự thật. Nhưng càng bóp méo, họ càng để lộ bản chất: chống hòa bình, chống đoàn kết, chống Việt Nam phát triển.

        Hòa hợp dân tộc là con đường đúng đắn, là biểu tượng của bản lĩnh và trí tuệ Việt Nam – biết khép lại quá khứ, hướng đến tương lai, lấy nhân nghĩa làm gốc, lấy đoàn kết làm sức mạnh. Không luận điệu xuyên tạc nào có thể phủ nhận một thực tế rằng: Đại đoàn kết toàn dân tộc là nguồn sức mạnh to lớn giúp Việt Nam vượt qua mọi thử thách và vươn lên mạnh mẽ trong thời đại hội nhập quốc tế.

        Trong bối cảnh các thế lực thù địch vẫn tìm cách “đào xới quá khứ để chia rẽ hiện tại”, mỗi người Việt Nam – dù ở trong hay ngoài nước – cần tỉnh táo, cảnh giác, tin tưởng vào đường lối, chủ trương của Đảng và Nhà nước; đồng thời chung tay bảo vệ sự thật, gìn giữ khối đoàn kết dân tộc, vì một Việt Nam hòa bình, thịnh vượng, nhân ái và hùng cường.

Cre: Sáng mãi niềm tin 25.10",,2026-03-23T00:15:44.196Z,,PUBLISHED,2026-03-30T00:15:44.196Z,,,,
2d75651a-adab-4429-84f8-c7d931c4d371,d7497b01-a9a0-4cd7-8999-666a8ca37779,"Chúng ta đã đi từ thời kỳ ""ăn no"", sang ""ăn ngon"" và giờ đây là ""ăn sạch"". Nhưng ""sạch"" không thể chỉ dựa vào cảm quan hay niềm tin cảm tính. Nó phải được bảo chứng bằng dữ liệu, bằng trách nhiệm của người sản xuất và sự giám sát của pháp luật.

Một người tiêu dùng khắt khe hơn với nguồn gốc thực phẩm sẽ là động lực lớn nhất để các doanh nghiệp tử tế phát triển.

****
Điểm chạm Chính sách #16: Đi tìm nguồn gốc thực phẩm
21:00 trên VTVGo, Fanpage và Youtube VTV Index, VTV24",,2026-03-13T00:12:04.666Z,,PUBLISHED,2026-03-30T00:12:04.666Z,,,,
2da40437-f3ba-4786-9f60-8f731492391d,06339fa5-01b2-495c-8f7d-a40e941ceecf,"HÌNH ẢNH FPV UKRAINE TẬP KÍCH LOẠT BỆ PHÓNG TÊN LỬA BASTION CỦA NGA Ở CRƯM

Chuyên trang quân sự Defence của Ukraine ngày 25/3 đã đăng tải đoạn video ghi lại hình ảnh khí tài trinh sát của tình báo Kiev theo dõi hướng hành quân của một đoàn xe phóng tên lửa Bastion được Nga triển khai ở khu vực bán đảo Crưm. Sau đó, các quân nhân của tình báo Ukraine đã điều động một số FPV cảm tử tấn công đoàn xe quân sự đối phương. 

“Ít nhất một xe phóng tên lửa Bastion bị phá hủy, trong khi một xe khác hứng chịu hư hại… Cuộc tập kích cũng khiến 7 binh sĩ Nga th-iệt m-ạng”, Cơ quan tình báo (HUR) thuộc Bộ Quốc phòng Ukraine cho hay.

#Vietnannet #Thếgiới",,2026-03-25T00:15:04.279Z,,PUBLISHED,2026-03-30T00:15:04.279Z,,,,
2e14cec0-348f-4cdb-9c78-4be6eb69f661,ecb51e1a-b698-40a0-95d8-2eea6e774ba4,"National Geographic 33 changemaker and National Geographic Explorer Samuel Ramsey is sequencing the genomes of every honeybee species to combat parasitic mites that threaten global food production. He has led expeditions in the Philippines and Thailand in search of their native pollinators, and further bee-seeking expeditions loom.

Read more about Ramsey’s global search for honeybee species: https://on.natgeo.com/r9q9AN

The National Geographic 33—inspired by our 33 founders—is an initiative honoring changemakers who are rising to meet the most critical challenges of our time, making meaningful progress and incredible breakthroughs. #NatGeo33",,2026-03-10T00:14:30.674Z,,PUBLISHED,2026-03-30T00:14:30.674Z,,,,
2e183d2f-669c-4797-926e-f602180af8f1,5a3c02df-6c93-4aae-b63e-f598c32df599,This is how the late New York artist's distinctive humanoid figures are ubiquitous these days: https://bbc.in/479Z30A,,2026-03-24T00:11:49.084Z,,PUBLISHED,2026-03-30T00:11:49.084Z,,,,
2e2894f0-fb21-4b82-ac28-14a560ad4aa6,da59f15f-d533-46f2-bb1e-fef513f7658b,"A FIFA game... but not as you know it! 🤯 

Check out the new trailer for FIFA Heroes",,2026-03-11T00:16:57.403Z,,PUBLISHED,2026-03-30T00:16:57.403Z,,,,
2e3deeb9-9fca-45db-8785-6605c87b8a5f,99b31143-ccb7-4122-a183-d27b9191a3e4,me trying to be elegant for a sec #9gag #ballet,,2026-03-05T00:13:17.293Z,,PUBLISHED,2026-03-30T00:13:17.293Z,,,,
2e569791-98e9-4253-a4a9-561e3f3fb378,7cbd37a4-3374-4291-bd6d-b2474273342a,"JUST IN: ""MARRIAGETOXIN"" - New Trailer!

The anime will premiere on April 7 (Studio: BONES FILM).",,2026-03-02T00:11:14.626Z,,PUBLISHED,2026-03-30T00:11:14.626Z,,,,
2e65f3f2-4dc6-438a-931e-622db2de7e55,56257f1b-41d6-4f2e-9ef2-9195f5117a85,"+1 công cụ
Anime: Classroom of the Elite S3
Cre: Muse
#taihennet #taihenvn",,2026-03-04T00:11:30.413Z,,PUBLISHED,2026-03-30T00:11:30.413Z,,,,
2eb8eb2c-f8c3-4686-8e7c-6196dff0acc8,0eaf3dab-44d0-4bc9-a5ad-7ef101236200,"Building a software system is a lot like building a skyscraper: The product everyone sees is the top, but the part that keeps it from falling over is the foundation buried in the dirt and the scaffolding hidden from sight.

jemalloc, the high performance memory allocator, has consistently been a highly-leveraged component within our software stack, adapting over time to changes in underlying hardware and upper-layer software. Alongside the Linux kernel and the compilers, it has delivered long-term benefits to Meta, contributing to a reliable and performant infrastructure. 

Listening, Reflecting, and Changing:

High leverage comes with high stakes. On the spectrum of practical versus principled engineering practice, foundational software components like jemalloc need the highest rigor. With the leverage jemalloc provides however, it can be tempting to realize some short-term benefit. It requires strong self-discipline as an organization to resist that temptation and adhere to the core engineering principles. 

In recent years, there has been a gradual shift away from the core engineering principles that have long guided jemalloc’s development. While some decisions delivered immediate benefits, the resulting technical debt eventually slowed progress.

We took the community’s feedback to heart. In the spirit of collaboration, we have reflected deeply on our stewardship and its impact on jemalloc’s long-term health. As we’ve met with some members of the community, including the project’s founder, Jason Evans, to share our introspection and how we are changing our approach. We’ve started an effort to remove technical debt and rebuild a long-term roadmap for jemalloc. 

A New Chapter for jemalloc:

As a result of these conversations with the community, the original jemalloc open source repository has been unarchived. We are grateful for the opportunity to continue as stewards of the project. Meta is renewing focus on jemalloc, aiming to reduce maintenance needs and modernizing the codebase while continuing to evolve the allocator to adapt to the latest and emerging hardware and workloads.

Looking ahead, our current plan for jemalloc focus on several key areas of improvement:

- Technical Debt Reduction: We are focusing on cleaning up technical debt, refactoring, and enhancing jemalloc to ensure it remains efficient, reliable and easy to use for all users.

- Huge-Page Allocator: We will continue to improve jemalloc’s hugepage allocator  (HPA) to better utilize transparent hugepages (THP) for improved CPU efficiency.

- Memory Efficiency: We plan to deliver improvements to packing, caching, and purging mechanisms for optimized memory efficiency.

- AArch64 Optimizations: We will make sure jemalloc has good out-of-the-box performance for the AArch64 (ARM64) platform.

We know that trust is earned through action. Our hope is that, over time, our renewed commitment will be evident in the health and progress of jemalloc. We invite the community to join us in this new chapter — share your feedback and help shape jemalloc’s future. We look forward to collaborating with the community to drive jemalloc forward.",,2026-03-05T00:16:04.885Z,,PUBLISHED,2026-03-30T00:16:04.885Z,,,,
2ebcb806-df10-4e39-b8f4-08a4d0cae9a2,057c3369-0766-457a-9b06-b8241bbfb888,"Ryan Gosling as Ghost Rider in the MCU? That rumor just got a lot more real. 🔥

Recent reports say Gosling confirmed there have been discussions with Marvel about the role, though nothing has been officially announced yet.

Would you like to see him take on Ghost Rider, or do you have someone else in mind? 👀",,2026-03-16T00:13:33.531Z,,PUBLISHED,2026-03-30T00:13:33.531Z,,,,
2ec9ee12-cc97-464a-afb6-489e4c49a104,1a6f6984-0412-402d-8409-78bad5452cae,"The Meta-owned messaging platform is also launching a way to free up space, the ability to touch up photos with Meta AI, and more.",,2026-03-26T00:17:15.309Z,,PUBLISHED,2026-03-30T00:17:15.309Z,,,,
2f09e7e4-2122-45f6-b394-2b9bc483bd5a,ec1e627a-5418-4713-920d-29496f252009,Wildlife officials remove tire stuck around giraffe's neck 🦒,,2026-03-06T00:11:14.426Z,,PUBLISHED,2026-03-30T00:11:14.426Z,,,,
2f1b3b72-f334-42d1-b2f4-5096fcadb387,04611aaa-eca4-4f8c-a8be-e078953d5ea7,Why do we spin a football when throwing it?,,2026-03-06T00:16:37.701Z,,PUBLISHED,2026-03-30T00:16:37.701Z,,,,
2f210f7e-6f6f-4dce-a311-587a66cb3128,ecb51e1a-b698-40a0-95d8-2eea6e774ba4,Meet the PBS Nature digital team!,,2026-03-29T00:14:48.644Z,,PUBLISHED,2026-03-30T00:14:48.644Z,,,,
2f37e92a-e8cc-41b3-a147-32210a967d16,2be0df6d-8cc8-47c0-8130-21581a18ab30,(No text content),,2026-03-20T00:13:00.831Z,,PUBLISHED,2026-03-30T00:13:00.831Z,,,,
2f4170ef-f92d-47f6-94b2-caf631054798,65c3ee41-578f-48ba-8572-70f3993e3105,"Some of Ireland’s wild goats have been there a very long time.

New research found that today’s Old Irish goats are closely related to animals that lived on the island around 3,000 years ago. Despite changes over time, they’ve maintained a strong genetic link to their ancient ancestors.

Researchers say the goats offer a rare living connection to Ireland’s past — and a glimpse into how some animals endure across generations.",,2026-03-10T00:10:58.272Z,,PUBLISHED,2026-03-30T00:10:58.272Z,,,,
2f4ef945-d1de-4e55-a2a3-2b4274abf86b,06339fa5-01b2-495c-8f7d-a40e941ceecf,Video khoảnh khắc tai nạn khiến tấm thép 10 tấn rơi đè tài xế👇,,2026-03-18T00:15:04.279Z,,PUBLISHED,2026-03-30T00:15:04.279Z,,,,
2f70a4fa-66cd-4821-b3c6-fe9a6595e711,ecb51e1a-b698-40a0-95d8-2eea6e774ba4,"Anthropologist, primatologist, and National Geographic Explorer Dr. Biruté Galdikas has passed away at the age of 79. One of the so-called Trimates, alongside Dian Fossey and Jane Goodall, Galdikas spent thousands of hours in the Tanjung Puting Reserve in Borneo conducting the first long-term study of orangutans. 
 
In an iconic 1975 National Geographic cover story, Galdikas shared her findings and experiences—radically changing how we understand these incredible primates. 

Read more about Galdikas's legacy and her work with National Geographic Society: https://on.natgeo.com/quFfZm",,2026-03-03T00:14:48.644Z,,PUBLISHED,2026-03-30T00:14:48.644Z,,,,
2f9620f9-daf4-413e-8cd3-202bddb619b4,2be0df6d-8cc8-47c0-8130-21581a18ab30,wtf is going on here 🤯,,2026-03-25T00:13:00.831Z,,PUBLISHED,2026-03-30T00:13:00.831Z,,,,
2fc80a8d-b13c-4e2d-bd37-a85ab03c5583,ecb51e1a-b698-40a0-95d8-2eea6e774ba4,Good mother 👍,,2026-03-04T00:14:30.674Z,,PUBLISHED,2026-03-30T00:14:30.674Z,,,,
3010d46b-d0af-46cf-9618-fab1134f74d5,65e6c099-cd94-4bd7-865a-0a51dc5156fa,"From suitcases to experiential retail, luggage specialist Monos is expanding its footprint beyond travel to build community and cultural relevance along the way. Here, BoF sits down with its co-founder and CEO, Victor Tam, to learn more. #Ad",,2026-03-21T00:12:20.722Z,,PUBLISHED,2026-03-30T00:12:20.722Z,,,,
30b96ccd-f38e-4bb9-a53d-3161ca48bcdd,30136847-6d1f-422e-8305-905be06557ab,"VICTORY LAP: President Trump praised the International Olympic Committee for banning men from women’s sports, crediting the move to his executive order.",,2026-03-05T00:14:48.858Z,,PUBLISHED,2026-03-30T00:14:48.858Z,,,,
30cc9ebb-9c8c-440b-835c-d46403a52aa7,2b9222fa-bd4b-4cfe-a301-f8e31cde883a,"'Dream Of Me' là một EP nhỏ thôi, nhưng về mặt cảm xúc thì không hề nhỏ. Vẫn là chất giọng ma mị và vibe US - UK kén người nghe, T JANY lại cho thấy sự thay đổi lớn về mặt cảm xúc và âm nhạc, có thể nói là lột xác.

Cho ai chưa biết, T Jany (Đỗ Công Tâm) là một nghệ sĩ indie đến từ Quy Nhơn, theo đuổi màu sắc âm nhạc giàu cảm xúc và mang tính chiêm nghiệm. Với anh, âm nhạc không chỉ để nghe mà còn là cách kể lại hành trình nội tâm - nơi những cảm xúc mong manh như niềm vui, nỗi buồn hay khát khao được thể hiện một cách chân thật, chỉ mong nhân loại có thể thấu hiểu khoảng trời riêng biệt này 💖

Nghe và ủng hộ T JANY nhóe! 😘

#GhienAmNhac #EP #music #TJany #USUK #DreamOfMe",,2026-03-29T00:14:11.811Z,,PUBLISHED,2026-03-30T00:14:11.811Z,,,,
30fcc4fb-1bc6-4c19-8977-b24adb09385d,ecb51e1a-b698-40a0-95d8-2eea6e774ba4,"In the open grasslands and farmlands of South America, this tireless builder shapes the landscape in clay and patience. With beakfuls of mud, it constructs a rounded, oven-like nest on branches, fence posts, and rooftops — a sturdy home baked hard by sun and time. Inside, a clever inner chamber protects its eggs from heat, rain, and predators. What makes it extraordinary is this craftsmanship — one of the most iconic nests in the bird world, standing long after the season ends. A humble bird of earth and effort, yet an architect of the open plains.

Rufous Hornero 👇

#RufousHornero #BirdNest #NatureArchitect 🐦🏺",,2026-03-15T00:14:48.645Z,,PUBLISHED,2026-03-30T00:14:48.645Z,,,,
30fd6772-af0a-47ec-a432-6b5a5c25f02f,ec1e627a-5418-4713-920d-29496f252009,"When Smokey fell into the pool, he stood little chance. What the camera captured is truly amazing – check comments 😳",,2026-03-30T00:11:14.426Z,,PUBLISHED,2026-03-30T00:11:14.426Z,,,,
31005eb6-b659-49e0-bb87-f3f5834eadf0,0eaf3dab-44d0-4bc9-a5ad-7ef101236200,Atcoder - Website học thuật toán và làm contest. #28tech,,2026-03-15T00:16:04.887Z,,PUBLISHED,2026-03-30T00:16:04.887Z,,,,
31264ef1-67f9-459a-9443-a038fbce13c5,30136847-6d1f-422e-8305-905be06557ab,"🇻🇳 Dự kiến, Kỳ họp thứ nhất, Quốc hội khóa XVI sẽ khai mạc vào sáng 6/4/2026, bế mạc ngày 24/4/2026.

Tại Kỳ họp này, Quốc hội sẽ xem xét, kiện toàn nhân sự các chức danh lãnh đạo của Nhà nước, gồm: 

Chủ tịch nước, Thủ tướng Chính phủ, Chủ tịch Quốc hội, các Phó Chủ tịch Quốc hội, các Phó Thủ tướng Chính phủ, các thành viên Chính phủ, các Ủy viên Ủy ban Thường vụ Quốc hội, Chủ tịch Hội đồng Dân tộc, Chủ nhiệm các Ủy ban của Quốc hội.",,2026-03-08T00:14:48.859Z,,PUBLISHED,2026-03-30T00:14:48.859Z,,,,
312e4229-c2ca-478f-bbd7-293e59fb8f5b,e5b917f7-e4e9-4cc0-b09a-f84eac91709f,A King builds his city. #Unearthed,,2026-03-28T00:16:21.781Z,,PUBLISHED,2026-03-30T00:16:21.781Z,,,,
31ae22f9-05f4-4526-82e8-3d4146d53b19,201ca225-be01-440e-94d0-8de62bff41b0,"Tides and glacial earthquakes caused a record ice loss at the Hektoria Glacier in 2022.

Learn more on #WorldGlacierDay. ⬇️",,2026-03-25T00:16:21.989Z,,PUBLISHED,2026-03-30T00:16:21.989Z,,,,
31b336b9-0856-4695-9497-2eae6153e005,d77e34f7-4fb7-4847-9876-d7e52dbc0739,"The more time you mindlessly scroll through videos or memes, the less you’re spending on meaningful activities, such as studying, sleeping or hanging out with friends.

",,2026-03-03T00:16:22.180Z,,PUBLISHED,2026-03-30T00:16:22.180Z,,,,
31c1d6c2-b797-43ba-a977-5bbb4426a63b,ecb51e1a-b698-40a0-95d8-2eea6e774ba4,Welcome to Animal Yearbook Superlatives! Which animal would Jane Wickline give best eyes?,,2026-03-23T00:14:48.644Z,,PUBLISHED,2026-03-30T00:14:48.644Z,,,,
31e0523b-4e18-4e3d-86ce-eacb6f1571dd,30136847-6d1f-422e-8305-905be06557ab,"JUST IN: FBI Tampa has obtained indictments against a brother and sister in connection with a possible explosive device found at MacDill Air Force Base in Florida.

Federal investigators say 20-year-old Alen Zheng fled to China after allegedly planting the device outside a gate at the base which houses the headquarters of U.S. Central Command.

His sister, 27-year-old Ann Mary Zheng, is in custody and faces charges of evidence tampering and being an accessory after the fact.",,2026-03-28T00:15:04.068Z,,PUBLISHED,2026-03-30T00:15:04.068Z,,,,
31f53dfc-4d38-4f2b-b518-ebaeac45ed58,5a3c02df-6c93-4aae-b63e-f598c32df599,"Instead of hanging out with no legs, we're stuck with in AI slop purgatory. https://bit.ly/4bX4SRC",,2026-03-27T00:11:49.082Z,,PUBLISHED,2026-03-30T00:11:49.082Z,,,,
32105c22-2a37-4435-95f8-e687c08b40bf,e80c9d9f-94e9-46db-85a6-1a3fd705818b,"🔥 HIẾM CÓ: Game có tuổi đời ngang ngửa Gen Z bỗng “rần rần” trở lại 🔥

20 năm chinh chiến bầu trời game Việt, Phi Đội vẫn được đầu tư quảng bá rầm rộ, thu hút cả thế hệ người chơi mới ⚡️

Bắt gặp hình ảnh huyền thoại không chiến trên đường làm bao anh em cơ trưởng thấy “ngứa tay ngứa chân” 

💥 Tuổi trẻ của anh em đâu rồi? Tối nay làm kèo solo không?

#phidoi",,2026-03-15T00:13:17.515Z,,PUBLISHED,2026-03-30T00:13:17.515Z,,,,
324169ee-9ef2-4702-b2b1-8fffa797db5e,160b6d37-539a-4c4c-8d0f-60674c5e1575,"Lana Del Rey has reignited her long-running feud with Ethel Cain—this time calling the singer “abusive” in a blunt social media comment.

The drama flared up after an Atlanta LGBTQ+ venue promoted a Lana vs. Ethel Cain-themed drag brunch, encouraging fans to “pick a side.”

Reacting to the post, Lana wrote: “Sadly, none of this is funny. She’s abusive and that’s all there is to it.”

She didn’t elaborate further on the claim.

The venue later shared a screenshot of an alleged message from Lana, alongside a cheeky caption inviting fans to still attend the event.

The tension between the two artists has been building for years.

Last summer, Lana appeared to reference Ethel in her track All About Ethel, while previously accusing her of making negative comments and inserting herself into her personal life.

Ethel Cain, meanwhile, has previously cited Lana as a major influence on her music—making the fallout between the two even more surprising to fans.

Now, what started as subtle jabs has turned into a very public and increasingly heated feud.",,2026-03-13T00:14:30.442Z,,PUBLISHED,2026-03-30T00:14:30.442Z,,,,
324d4185-7254-42fc-9305-02330da9cdc2,a6022d31-7bf8-43d3-a8c6-6470fecff46f,"Đẹp nghẹt thở cỡ này mà ko xem IMAX thì xem cái gì bây giờ??? 

Thoát Khỏi Tận Thế - Định dang IMAX | ĐANG CHIẾU TẠI CGV
️ĐẶT VÉ NGAY: https://bit.ly/CGV-PROJECT-HAIL-MARY
#ProjectHailMary #ThoatKhoiTanThe #NowShowing",,2026-03-16T00:13:33.745Z,,PUBLISHED,2026-03-30T00:13:33.745Z,,,,
3255ac66-4bd2-499f-8832-4129d2acc982,e80c9d9f-94e9-46db-85a6-1a3fd705818b,"LỊCH THI ĐẤU LCP 2026 GIAI ĐOẠN 2

Giải đấu sẽ chính thức khởi tranh vào 16:00 ngày 04.04.2026 trên các kênh sóng của LoL Esports VN.",,2026-03-08T00:13:17.514Z,,PUBLISHED,2026-03-30T00:13:17.514Z,,,,
32912694-01ca-40d5-a82b-2c5e3292127f,4444b44e-e73f-4588-ac3a-aa7052825c5c,These Tree Frogs with Human-like Butts are the World's CUTEST Frogs! 🐸 🍑,,2026-03-19T00:10:58.076Z,,PUBLISHED,2026-03-30T00:10:58.076Z,,,,
329a738d-3ae6-4c60-9c25-41f83c7505bd,2511bcf1-0466-4d80-b869-d52e723331aa,😤,,2026-03-02T00:16:37.929Z,,PUBLISHED,2026-03-30T00:16:37.929Z,,,,
32ae94cc-9f03-470c-b2e7-b3c0e29c57e4,da59f15f-d533-46f2-bb1e-fef513f7658b,Wrapping up the first day of action of the #FIFASeries 📋,,2026-03-06T00:16:38.325Z,,PUBLISHED,2026-03-30T00:16:38.325Z,,,,
32f73181-ace7-4c36-bf98-56a6a6046983,5a3c02df-6c93-4aae-b63e-f598c32df599,These are the rarely seen images of the women that were “the backbone of the party”: https://bbc.in/4i3d30c,,2026-03-27T00:11:49.084Z,,PUBLISHED,2026-03-30T00:11:49.084Z,,,,
3320be01-7f9c-4590-8f30-c597cae71eec,06339fa5-01b2-495c-8f7d-a40e941ceecf,Tỷ lệ đột quỵ ở Việt Nam thuộc nhóm cao trên thế giới,,2026-03-27T00:15:04.280Z,,PUBLISHED,2026-03-30T00:15:04.280Z,,,,
3333ea69-9357-4914-8f0e-b999b0ae2f9e,f9bb992c-f613-4e52-8d15-905f35113610,"GREY D chính thức ra mắt MV ‘hoá ra…’ mở đường cho album đầu tay 'ÁNH SÁNG • MÀN ĐÊM’ 🧙

Cánh cửa đến với vùng đất ÁNH SÁNG thần tiên và căng tràn nhựa sống đã chính thức mở ra. ‘hoá ra…’ chính thức đánh dấu sự trở lại mạnh mẽ của GREY D sau 2 năm ở ẩn.

7 ca khúc từ Side A của Album “ÁNH SÁNG • MÀN ĐÊM” sẽ chính thức được phát hành vào 11:11 AM 29/3 trên mọi nền tảng nhạc số.",,2026-03-11T00:14:11.605Z,,PUBLISHED,2026-03-30T00:14:11.605Z,,,,
338a4a12-9900-49ce-a3aa-115655b31202,057c3369-0766-457a-9b06-b8241bbfb888,"Henry Cavill’s Warhammer 40,000 project is still one of the most closely watched game adaptations in development, and a big reason why is Cavill himself. From the moment Amazon secured the rights in 2022, Cavill was announced not just as the star, but also as an executive producer, with Games Workshop explicitly pointing to his love of Warhammer and his world-building instincts as a major asset for the franchise.

That is why this story keeps getting attention every time there is a new update. In late 2024, Games Workshop confirmed that Amazon and the company had finalized the deal, locked in the creative guidelines, and chosen a “fantastic place to start” for bringing Warhammer to the screen. Cavill also called the opportunity a huge responsibility, and earlier said that being able to guide the adaptation so it can stay faithful is key to him, which is exactly the kind of thing longtime fans want to hear.

Nothing major has been officially revealed about the first project yet, and Games Workshop has already warned that it will still take years before anything reaches screens. Still, the combination of Amazon’s commitment, finalized creative rules, and Cavill’s very public desire to protect what makes Warhammer special has fans hoping this could become one of the rare adaptations that actually respects the source material. Do you trust Henry Cavill to deliver a faithful Warhammer 40K adaptation, or are you still waiting to see more first? ⚔️",,2026-03-16T00:13:33.531Z,,PUBLISHED,2026-03-30T00:13:33.531Z,,,,
33d79b4d-e728-47a4-a067-36c3d55300a7,7cbd37a4-3374-4291-bd6d-b2474273342a,"A week full of amazing episodes! 🔥
Less than 24h to vote for Week 12: acani.me/winter26-v12

Which episode was your favorite this week?",,2026-03-20T00:11:14.625Z,,PUBLISHED,2026-03-30T00:11:14.626Z,,,,
33fc3e45-5123-4b83-b18d-edd41e11a699,a6022d31-7bf8-43d3-a8c6-6470fecff46f,"Có cái gì mà buồn cười? Có phim này nè :))) 

👉🏻 Hành động Thái peak nhất năm, đặt vé ngay: https://bit.ly/CGV-4-TIGERS
-------
🐯 TỨ HỔ ĐẠI NÁO
🔫 Khởi chiếu tại rạp: 27.03.2026
🔥 Phim có bản lồng tiếng và phụ đề
#TuHoDaiNao #4Tigers #NekoLe",,2026-03-15T00:13:50.703Z,,PUBLISHED,2026-03-30T00:13:50.703Z,,,,
34067ede-c31b-4340-a3f2-8edf34c325f8,65c58780-4703-4009-8925-921f4924b4d7,Hủ tiếu sườn sụn siu ngon. #diadiemanuong #diadiemanngon #reviewanuong #reviewanngon #nsaigon #food #foodie #foodreview #ansapsaigon #amthuc #amthucviet #anvat #anvatsaigon #Monngonmoingay #monngon #anngon #anngonnaungon #vivusaigon #chill #amthucsaigon #amthucduongpho #vietnamesefood #ShopeeFood #saigonangi #foodlover,,2026-03-27T00:12:41.886Z,,PUBLISHED,2026-03-30T00:12:41.886Z,,,,
342a4afe-dd84-400b-afe4-51d3e6fef700,1a6f6984-0412-402d-8409-78bad5452cae,"Conntour uses AI models to let security teams query camera feeds using natural language to find any object, person, or situation.",,2026-03-06T00:17:15.309Z,,PUBLISHED,2026-03-30T00:17:15.309Z,,,,
3477c2b4-8a49-4caf-a0eb-18d46ed4d543,5a3c02df-6c93-4aae-b63e-f598c32df599,Had Patty Hearst been brainwashed or was she a willing accomplice?,,2026-03-26T00:11:49.083Z,,PUBLISHED,2026-03-30T00:11:49.083Z,,,,
34d66a6a-dde4-4bc3-bc6f-5924df967358,bb264706-0be1-43ae-997a-138bca242377,"Iranian Foreign Minister Abbas Araghchi has delivered a blistering critique of the global legal order, declaring that ""international law is dead"" in the face of what he describes as Western double standards. His comments highlight a growing sentiment among Global South nations that the current rules-based system is selectively applied to favor specific geopolitical interests.

The minister’s rhetoric points to a profound disillusionment with the United Nations and other international bodies, arguing they have failed to act as neutral arbiters in regional conflicts. By citing past military actions in Iraq and Gaza, Araghchi is attempting to frame Iran’s own strategic moves as legitimate acts of sovereignty rather than violations.

Critics of this view argue that international law remains a vital, albeit imperfect, framework for preventing total global anarchy and protecting human rights. However, the perception that certain nations are ""above the law"" continues to erode the legitimacy of the post-WWII international architecture.

This declaration comes at a time when traditional diplomatic channels are under immense strain, and ""might makes right"" appears to be returning as a dominant theme in foreign policy. The loss of a shared legal language makes it increasingly difficult to negotiate ceasefires or establish long-term peace treaties.

As more countries question the fairness of global institutions, the world may be heading toward a more fragmented system where local power dynamics override international treaties. The fallout from this shift could redefine how future conflicts are resolved and how justice is administered on the world stage.

#Iran #UnitedNations #GlobalPolitics #BreakingNews #InternationalLaw",,2026-03-28T00:15:43.980Z,,PUBLISHED,2026-03-30T00:15:43.980Z,,,,
34db5297-4074-4400-9189-e0c135e0beae,7cbd37a4-3374-4291-bd6d-b2474273342a,"Kivia did not have fun in this episode 🥲
A few hours left to vote for Week 12: acani.me/winter26-v12

Anime: Sentenced to Be a Hero",,2026-03-29T00:11:14.625Z,,PUBLISHED,2026-03-30T00:11:14.625Z,,,,
350a3aa4-9b7e-44f8-8deb-0f76a5f83d39,cd18b325-af17-4a51-899b-d917f57eb898,"There may be no knockout blows from Mandelson files but it's far from over, the BBC's Chris Mason writes.",,2026-03-18T00:15:26.314Z,,PUBLISHED,2026-03-30T00:15:26.314Z,,,,
35241a24-315a-4329-be87-1d0b2d2d08ce,a6f43c21-de9d-4c11-b41d-c22d63b8579f,"‼️ VẠCH TRẦN THỦ ĐOẠN LỢI DỤNG CHIÊU BÀI “DÂN CHỦ, NHÂN QUYỀN” ĐỂ VU CÁO VIỆT NAM VI PHẠM TỰ DO NGÔN LUẬN, TỰ DO TÔN GIÁO, TỰ DO ĐI LẠI

Trong bối cảnh toàn cầu hóa và hội nhập quốc tế, vấn đề dân chủ và nhân quyền luôn là chủ đề nhạy cảm, được dư luận trong và ngoài nước quan tâm. Việt Nam, với chính sách đối ngoại độc lập, tự chủ, đa phương hóa, đa dạng hóa quan hệ quốc tế, đã tham gia nhiều công ước, tổ chức quốc tế về nhân quyền và luôn nỗ lực bảo đảm, phát huy quyền con người. 

Tuy nhiên, các thế lực thù địch, phản động, cơ hội chính trị lại lợi dụng chiêu bài “dân chủ, nhân quyền” để xuyên tạc tình hình, vu cáo Nhà nước Việt Nam vi phạm các quyền tự do cơ bản, từ đó kích động, chia rẽ khối đại đoàn kết dân tộc, gieo rắc hoài nghi, làm suy giảm niềm tin của nhân dân vào sự lãnh đạo của Đảng và quản lý của Nhà nước. Cụ thể như trang BBC News Tiếng Việt đăng tải một số bài viết đưa tin sai sự thật về tình hình nhân quyền tại Việt Nam. Đây là thủ đoạn nguy hiểm, tinh vi, cần được nhận diện và đấu tranh kiên quyết, kịp thời.

Bản chất của thủ đoạn lợi dụng “dân chủ, nhân quyền”. Các thế lực thù địch thường mượn danh nghĩa “bảo vệ nhân quyền”, “thúc đẩy dân chủ” để áp đặt mô hình chính trị – xã hội phương Tây lên Việt Nam. Họ sử dụng các báo cáo thiếu khách quan, phiến diện, do một số tổ chức quốc tế hoặc phi chính phủ thiên lệch soạn thảo, để vu cáo Việt Nam vi phạm các quyền tự do ngôn luận, tự do báo chí, tự do tôn giáo, tự do đi lại…

Trên thực tế, đây là thủ đoạn chính trị nhằm tạo cớ can thiệp vào công việc nội bộ của Việt Nam, đi ngược lại luật pháp quốc tế và nguyên tắc tôn trọng độc lập, chủ quyền của các quốc gia. Đồng thời, kích động chống phá từ bên trong, lôi kéo một bộ phận thiếu thông tin, bất mãn để hình thành lực lượng đối lập. Bên cạnh đó làm suy giảm uy tín quốc tế của Việt Nam, cản trở quá trình hội nhập, hợp tác quốc tế, nhất là trong lĩnh vực kinh tế, thương mại, quốc phòng – an ninh.

Các biểu hiện cụ thể của thủ đoạn: Vu cáo vi phạm tự do ngôn luận, báo chí: Lợi dụng việc Nhà nước xử lý những đối tượng vi phạm pháp luật (tuyên truyền chống Nhà nước, kích động bạo loạn, phát tán thông tin xấu độc…) để xuyên tạc rằng Việt Nam “bóp nghẹt tiếng nói đối lập”, “kiểm soát báo chí”.

Xuyên tạc về tự do tôn giáo, tín ngưỡng: Phóng đại, bóp méo những vụ việc tranh chấp, khiếu kiện đất đai liên quan đến cơ sở tôn giáo; lợi dụng các tổ chức tôn giáo cực đoan để kích động chống đối; vu cáo rằng Việt Nam “đàn áp tôn giáo”, “không có tự do tín ngưỡng”.

Bịa đặt về quyền tự do đi lại, cư trú: Lợi dụng các quy định pháp luật nhằm bảo đảm an ninh quốc gia, trật tự xã hội để xuyên tạc rằng Việt Nam “hạn chế đi lại”, “ngăn cản xuất cảnh”.

Kích động, chia rẽ nội bộ: Truyền bá quan điểm sai trái, gieo rắc hoài nghi về vai trò lãnh đạo của Đảng, hiệu lực quản lý của Nhà nước; từ đó gây mất đoàn kết trong nội bộ, suy giảm niềm tin xã hội.

Ngược lại với những xuyên tạc trên, Đảng và Nhà nước ta luôn xác định con người là trung tâm của sự phát triển, mọi chủ trương, chính sách đều hướng đến việc nâng cao đời sống vật chất và tinh thần cho nhân dân. Về tự do ngôn luận, báo chí: Hiện nay ở Việt Nam có hàng trăm cơ quan báo chí, hàng nghìn trang thông tin điện tử; người dân được quyền tiếp cận, phản biện và bày tỏ ý kiến trên nhiều kênh khác nhau.

Về tự do tôn giáo, tín ngưỡng: Việt Nam công nhận và bảo đảm hoạt động cho hàng chục tổ chức tôn giáo với hàng triệu tín đồ; các lễ hội, sinh hoạt tôn giáo diễn ra sôi nổi, được pháp luật bảo hộ.

Về tự do đi lại: Công dân Việt Nam được quyền cư trú, đi lại trong và ngoài nước theo quy định pháp luật, trừ trường hợp liên quan đến an ninh quốc gia, trật tự an toàn xã hội.

Về hội nhập quốc tế: Việt Nam là thành viên của nhiều công ước quốc tế về quyền con người, đã tham gia Hội đồng Nhân quyền Liên Hợp Quốc nhiều nhiệm kỳ, thể hiện rõ trách nhiệm và uy tín quốc tế.

Để vạch trần và vô hiệu hóa thủ đoạn lợi dụng “dân chủ, nhân quyền”, cần đồng bộ nhiều giải pháp như: Nâng cao nhận thức chính trị – pháp lý cho cán bộ, đảng viên và nhân dân, giúp hiểu rõ bản chất xuyên tạc, từ đó miễn nhiễm với các luận điệu sai trái. Tăng cường công tác thông tin, tuyên truyền, chủ động công bố số liệu, minh chứng về thành tựu bảo đảm quyền con người ở Việt Nam. Kịp thời đấu tranh, phản bác trên không gian mạng, vạch rõ động cơ, mục đích của các tổ chức, cá nhân tung tin sai sự thật. Phát huy vai trò ngoại giao nhân dân, đối thoại quốc tế, thông qua các diễn đàn đa phương, song phương để bạn bè quốc tế hiểu đúng về tình hình Việt Nam. Hoàn thiện hệ thống pháp luật và chính sách bảo đảm quyền con người, gắn với việc xử lý nghiêm các hành vi lợi dụng dân chủ, nhân quyền để chống phá Nhà nước.

Thủ đoạn lợi dụng chiêu bài “dân chủ, nhân quyền” để vu cáo Việt Nam vi phạm các quyền tự do cơ bản thực chất là âm mưu chính trị nhằm can thiệp vào công việc nội bộ, gây rối loạn, chia rẽ và làm suy yếu đất nước ta. Bằng việc kiên định con đường xã hội chủ nghĩa, phát huy thành tựu đổi mới, đồng thời chủ động hội nhập quốc tế, Việt Nam đã và đang chứng minh một cách thuyết phục rằng quyền con người chỉ có thể được bảo đảm thực chất trong một xã hội ổn định chính trị, phát triển kinh tế và gắn kết đoàn kết dân tộc. Nhận diện rõ, vạch trần và đấu tranh kiên quyết với những luận điệu xuyên tạc về “dân chủ, nhân quyền” chính là góp phần giữ vững niềm tin của nhân dân vào sự lãnh đạo của Đảng, hiệu lực quản lý của Nhà nước, đồng thời bảo vệ độc lập, chủ quyền và toàn vẹn lãnh thổ của Tổ quốc.",,2026-03-15T00:15:44.195Z,,PUBLISHED,2026-03-30T00:15:44.195Z,,,,
35284eb7-465c-4394-a3b9-1847b14384c4,cd18b325-af17-4a51-899b-d917f57eb898,"President Donald Trump said that he is instructing the Department of Homeland Security to ""immediately pay"" Transportation Security Administration agents in a bid to reduce long lines at airports. https://cnn.it/4sUeDX7",,2026-03-26T00:15:26.313Z,,PUBLISHED,2026-03-30T00:15:26.313Z,,,,
352ba233-fd04-4277-b292-943c3576da97,99b31143-ccb7-4122-a183-d27b9191a3e4,How to make an impression 😏,,2026-03-16T00:13:17.293Z,,PUBLISHED,2026-03-30T00:13:17.293Z,,,,
35313bf1-1617-46fa-86bc-e0074697cb40,d77e34f7-4fb7-4847-9876-d7e52dbc0739,"NASA is hitting the accelerator on space missions and moon trips in the hopes of achieving some big firsts — a permanent moon base and an interplanetary spacecraft harnessing nuclear propulsion.
",,2026-03-04T00:16:22.180Z,,PUBLISHED,2026-03-30T00:16:22.180Z,,,,
353ef4b3-38d7-4537-b554-e50ef692bed8,30136847-6d1f-422e-8305-905be06557ab,✋🤙 Đề xuất: Nháy máy dụ dỗ người khác gọi lại để quảng cáo bị phạt đến 80 triệu đồng,,2026-03-12T00:14:48.859Z,,PUBLISHED,2026-03-30T00:14:48.859Z,,,,
3557ac7e-3b13-4f51-9386-c85f3182dad7,a6022d31-7bf8-43d3-a8c6-6470fecff46f,"Sự khác biệt của Phương Anh Đào khi chụp hình cùng:

Tuấn Trần        vs          Quách Ngọc Ngoan

#BauVatTroiCho",,2026-03-24T00:13:50.704Z,,PUBLISHED,2026-03-30T00:13:50.704Z,,,,
355e3b06-f9f7-4a79-80ef-296658d9e07c,b1880d5a-11cc-408c-baa2-55dd1b4cc000,"Nếu chưa từng thử mặc theo phong cách này, bạn sẽ không biết bạn khí chất đến mức nào  #melamdep #phoidonu #phoidoxinh #thoitrang",,2026-03-16T00:12:20.961Z,,PUBLISHED,2026-03-30T00:12:20.961Z,,,,
35616e34-f528-435f-b61b-54fc1f46308a,65c58780-4703-4009-8925-921f4924b4d7,Bún bò mỡ nổi siu ngon. #diadiemanuong #diadiemanngon #reviewanuong #reviewanngon #nsaigon #food #foodie #foodreview #ansapsaigon #amthuc #amthucviet #anvat #anvatsaigon #Monngonmoingay #monngon #anngon #anngonnaungon #vivusaigon #chill #amthucsaigon #amthucduongpho #vietnamesefood #ShopeeFood #saigonangi #foodlover,,2026-03-25T00:12:41.885Z,,PUBLISHED,2026-03-30T00:12:41.885Z,,,,
358aad81-3616-4abe-b3ce-5317e0f67f19,ae348cee-3ed1-415d-b557-79810deda907,"Man City's Rodri is open to a move to Real Madrid ⚽️

Sky Sports News understands Rodri is a player City would very much prefer to keep and agree a new contract with. ⚪️",,2026-03-19T00:16:57.603Z,,PUBLISHED,2026-03-30T00:16:57.603Z,,,,
3596ddbb-b610-47d4-893e-fa0109f95799,b1880d5a-11cc-408c-baa2-55dd1b4cc000,"✨ 𝗟𝗔𝗨𝗡𝗖𝗛 𝗘𝗩𝗘𝗡𝗧 𝗦𝗜𝗠𝗣𝗟𝗜𝗖𝗜𝗧𝗬 & 𝗖𝗢𝗠𝗙𝗢𝗥𝗧 | BẠN CÓ HẸN CÙNG ROUTINE NGÀY 20.03

Một ngày với đầy đủ hoạt động tại Routine U Space: check in nhận quà, trải nghiệm không gian, thử đồ và giao lưu cùng KOLs. Lịch trình được chia theo từng khung giờ để dễ dàng lựa chọn thời gian tham gia.
Trong đó, runway trình diễn BST Simplicity & Comfort là điểm nhấn đáng chờ đợi, mang đến góc nhìn trực quan nhất về các thiết kế qua từng chuyển động trên sàn diễn.
📍 Đăng ký tham gia sự kiện ngay: https://sl.routine.vn/simplicity-form
Thời gian: Duy nhất ngày 20/03/2026
Địa chỉ: Routine U Space 583 Sư Vạn Hạnh, Phường Hòa Hưng, TP. HCM

#RoutineVN #MultiMediaJSC #RoutineUSpace #Event #SimplicityAndComfortCollection",,2026-03-20T00:12:20.961Z,,PUBLISHED,2026-03-30T00:12:20.961Z,,,,
35a0478c-3036-4da7-b09d-319cefa6908e,04611aaa-eca4-4f8c-a8be-e078953d5ea7,This is the most dangerous problem in mathematics...,,2026-03-25T00:16:37.701Z,,PUBLISHED,2026-03-30T00:16:37.701Z,,,,
35bd5e97-a348-4404-ac5b-0b83523456a9,5a3c02df-6c93-4aae-b63e-f598c32df599,"True Religion revamped its brand post-bankruptcy under CEO Michael Buckley, targeting Gen Z and diverse shoppers while leveraging hip-hop roots.

(Credit: Getty Images)

#TrueReligion #jeans #fashion #GenZ #hiphop",,2026-03-05T00:11:49.082Z,,PUBLISHED,2026-03-30T00:11:49.082Z,,,,
35c45353-765d-48cd-9896-986358d69bd7,e6eecc77-6d92-46df-b92d-7ee2391ae019,"Nvidia CEO Jensen Huang said he opts for group problem-solving over one-on-one meetings and has a unique leadership style.

(Credit: Getty Images)

#Nvidia #JensenHuang #AI #chipmaker",,2026-03-02T00:16:58.388Z,,PUBLISHED,2026-03-30T00:16:58.388Z,,,,
35c930b8-9f07-42ba-8024-5744f18a5307,ecb51e1a-b698-40a0-95d8-2eea6e774ba4,"Nature's bath , Painted bunting 😘",,2026-03-29T00:14:48.645Z,,PUBLISHED,2026-03-30T00:14:48.645Z,,,,
35d39a61-7e14-414d-a337-3edaf58996c1,7cbd37a4-3374-4291-bd6d-b2474273342a,They ARE the moment 🙂‍↕️💕,,2026-03-18T00:11:30.206Z,,PUBLISHED,2026-03-30T00:11:30.206Z,,,,
36107061-0ba4-4bde-8a67-c3e8b7f71165,30136847-6d1f-422e-8305-905be06557ab,"MILITARY MIGHT: President Trump warns the U.S. will be Iran’s ""worst nightmare"" unless it backs down, FOX News’ @Bill Melugin reports.",,2026-03-12T00:14:48.858Z,,PUBLISHED,2026-03-30T00:14:48.858Z,,,,
36283b80-79bd-48e9-8d9f-bce82d3c5ee0,d7497b01-a9a0-4cd7-8999-666a8ca37779,"Warren Buffett tự hào khoe nộp thuế TNDN chiếm 5% của Mỹ, tỷ phú Phạm Nhật Vượng làm được điều kinh ngạc hơn: gần 7% thu ngân sách Việt Nam",,2026-03-25T00:12:04.666Z,,PUBLISHED,2026-03-30T00:12:04.666Z,,,,
3636323b-2ecb-4b01-8458-678b983e28b9,ecb51e1a-b698-40a0-95d8-2eea6e774ba4,"In the windswept shores and sandy beaches of North America, this pale little shorebird moves like a whisper along the tide line. It darts between waves on quick legs, pausing to pick tiny crustaceans, insects, and marine worms from the sand. Its soft, piping call carries lightly over the surf, giving it a voice as gentle as its presence. What makes it extraordinary is its fragile life on open beaches — nesting directly on the sand, perfectly camouflaged yet vulnerable to every passing step and rising tide. A small shadow on the shoreline, yet a quiet symbol of nature’s delicate balance.

Piping Plover 👇

#PipingPlover #Shorebirds #CoastalGuardian 🐦🌊",,2026-03-24T00:14:30.674Z,,PUBLISHED,2026-03-30T00:14:30.674Z,,,,
363a74f3-c22e-47e6-896b-20fbcb36a643,da59f15f-d533-46f2-bb1e-fef513f7658b,"From the mountain tops to the #FIFAWorldCup Play-offs ⛰️

Welcome to Monterrey…",,2026-03-06T00:16:38.325Z,,PUBLISHED,2026-03-30T00:16:38.325Z,,,,
364f8328-12e0-45c8-b5b0-93631dd5bd43,fd5b4d2b-1788-4bac-a8c6-2d738376737c,Watch the new trailer for APEX. Starring Charlize Theron and Taron Egerton. Only on Netflix April 24. 🎬 https://movief.one/apex,,2026-03-13T00:13:50.911Z,,PUBLISHED,2026-03-30T00:13:50.911Z,,,,
366ac8be-062a-495f-911a-6c1ef2218adc,a6022d31-7bf8-43d3-a8c6-6470fecff46f,"✨TRỘM VÍA CỰC MẠNH, ĐẾM NGÀY XA MẸ TRỞ THÀNH TOP 1 PHIM HÀN NĂM 2026, DOANH THU VƯỢT 25 TỶ SAU 1 TUẦN CÔNG CHIẾU 🎉

Từ những điều tưởng chừng rất đỗi bình thường như bữa cơm gia đình, Đếm Ngày Xa Mẹ đã chạm đến những cảm xúc mà mỗi khán giả đều nhìn thấy một phần câu chuyện của riêng mình trong đó.

Xin chân thành cảm ơn hơn 300.000 khán giả đã đồng hành, cùng khóc – cùng cười với mẹ con Ha-min trong thời gian vừa qua 🤍
----------
ĐẾM NGÀY XA MẸ
🎬 Đang chiếu tại các rạp trên toàn quốc
📣 Phim có bản phụ đề & lồng tiếng
✅ Phim chỉ dành cho khán giả trên 13 tuổi

#demngayxame #cjenm",,2026-03-02T00:13:50.702Z,,PUBLISHED,2026-03-30T00:13:50.702Z,,,,
36c039b6-b631-4b55-b3f8-ef4b7f2742c9,a6022d31-7bf8-43d3-a8c6-6470fecff46f,"Tối 9/3, dư luận Hàn Quốc rúng động trước thông tin một giám đốc điều hành thuộc LAELBnc - công ty quản lý cũ của diễn viên Jang Nara - được phát hiện đã tuvong và để lại thư tuyệt mệnh. Giữa lúc cảnh sát đang khẩn trương điều tra làm rõ nguyên nhân dẫn đến cái c.h.e.t này, nhiều khán giả bất giác rùng mình khi phát hiện ra một sự trùng hợp đến khó tin giữa sự việc ngoài đời thực và vai diễn phản diện đầy gai góc của nữ diễn viên trong siêu phẩm Taxi Driver 3.

Sự trùng hợp khiến người xem nổi da gà nằm ở kịch bản tập 9 và 10 của Taxi Driver 3 vừa lên sóng cuối năm ngoái. Trong phim, chính Jang Nara đã lột xác hóa thân thành Kang Ju Ri - một cựu idol nay vươn lên làm CEO công ty giải trí. Đội Rainbow Taxi đã phải ra tay giải cứu Romi, một thực tập sinh bị công ty của Kang Ju Ri b ó c l ộ t tàn tệ, b ỏ đ ó i và ép phục vụ những người đàn ông giàu có đến mức quẫn trí muốn 44. Quá trình thâm nhập của tài xế Kim Do Ki sau đó đã phanh phui cả một đường dây môi giới nhơ nhuốc đội lốt công ty giải trí, dẫn đến kết cục bi thảm là giám đốc Kang Ju Ri n g ã khỏi tòa nhà khi bỏ trốn. Việc Jang Nara vừa thành công vang dội với vai một CEO tàn nhẫn đẩy nhân viên vào đường cùng trên phim, nay lại bị bủa vây bởi tin tức một giám đốc tại công ty cũ qua đời giữa vòng xoáy áp lực, khiến công chúng không khỏi bàng hoàng về lằn ranh mờ ảo giữa kịch bản và đời thực.

Tuy nhiên, trở lại với hiện thực, để tránh những suy đoán đi quá xa làm ảnh hưởng đến người không liên quan, đại diện công ty LAELBnc đã chính thức lên tiếng làm rõ. Phía công ty xác nhận sự ra đi của vị giám đốc điều hành xuất phát từ những vấn đề cá nhân và hoàn toàn không liên quan đến công ty. Trước những đồn đoán cho rằng công ty đang ""điên đầu"" với các vụ kiện tụng đầu tư liên quan đến ca sĩ Kim Joo Hoon, đại diện LAELBnc khẳng định dù nội bộ có xảy ra vấn đề tài chính, đó cũng không phải là nguyên nhân trực tiếp dồn người đã khuất đến bước đường cùng.

Đồng thời, sự thật về mối quan hệ giữa Jang Nara và LAELBnc cũng đã được đính chính. Nữ diễn viên từng ký hợp đồng với LAELBnc vào tháng 2/2025 nhưng đã sớm chấm dứt hợp đồng và rời đi từ tháng 8/2025. Đáng chú ý, nguyên nhân cô dứt áo ra đi cũng xuất phát từ chính những bất cập trong khâu quản lý quỹ đầu tư, khi các khoản thanh toán cho nữ diễn viên và lương của đội ngũ nhân viên không được xử lý minh bạch. Hiện tại, Jang Nara đã tách ra và đang hoạt động dưới trướng một công ty hoàn toàn mới.

Như vậy, việc truyền thông liên tục giật tít ""công ty quản lý của Jang Nara"" ở thời điểm hiện tại là thông tin sai lệch. Nữ diễn viên hoàn toàn không có bất kỳ dính líu nào tới bi kịch hay các khoản nợ nần của công ty cũ. Dù sự trùng hợp với cốt truyện Taxi Driver 3 là vô cùng kỳ lạ, khán giả vẫn cần tỉnh táo tiếp nhận thông tin, tránh tạo ra những thuyết âm mưu ác ý làm ảnh hưởng đến hình ảnh của nghệ sĩ trong lúc chờ kết luận điều tra chính thức từ cơ quan chức năng.",,2026-03-01T00:13:50.703Z,,PUBLISHED,2026-03-30T00:13:50.703Z,,,,
36ccda76-73af-4b8e-b3d8-975f137d3077,ecb51e1a-b698-40a0-95d8-2eea6e774ba4,A good meal,,2026-03-09T00:14:48.645Z,,PUBLISHED,2026-03-30T00:14:48.645Z,,,,
36f056ae-871f-4223-8232-6a60d67f461c,65e6c099-cd94-4bd7-865a-0a51dc5156fa,"As the region’s creative and design scene drives economic growth, BoF sits down with the next generation of talent in Hong Kong and the Hong Kong Fashion Council 香港時裝協會 to understand how they are navigating its growing presence on the global stage. #Ad",,2026-03-27T00:12:20.723Z,,PUBLISHED,2026-03-30T00:12:20.723Z,,,,
36f412d8-4bb2-4b45-a858-3e493162c664,0eaf3dab-44d0-4bc9-a5ad-7ef101236200,"# Xử lý thế nào nếu đang sử dụng máy tính có bộ nhớ RAM thấp?

Nếu đang sử dụng máy tính chạy Windows với bộ nhớ RAM khiêm tốn, bạn có thể nhờ đến tính năng RAM ảo để tăng dung lượng bộ nhớ RAM, giúp máy tính hoạt động mượt hơn.

Bộ nhớ RAM ảo (Virtual RAM) là tính năng trên Windows cho phép sử dụng ổ cứng để mở rộng dung lượng bộ nhớ RAM vật lý.

Cụ thể, khi hệ thống cần nhiều dung lượng bộ nhớ RAM cho các tác vụ nặng, Windows sẽ chuyển một phần dữ liệu từ RAM sang một tệp trên ổ cứng được gọi là page file hoặc swap file. Điều này sẽ giúp hệ thống có thể chạy nhiều chương trình cùng lúc mà không bị thiếu bộ nhớ.

Tính năng RAM ảo sẽ cho phép Windows chạy nhiều phần mềm và hoạt động mượt hơn, tránh tình trạng treo máy hoặc phần mềm bị ngưng hoạt động do hết bộ nhớ RAM. Tính năng này sẽ hữu ích trên các máy tính có bộ nhớ RAM thấp mà người dùng chưa có điều kiện để nâng cấp cấu hình hoặc máy tính không hỗ trợ gắn thêm RAM.

Lưu ý: Tính năng RAM ảo sẽ thực sự phát huy hiệu quả nếu máy tính được trang bị ổ lưu trữ dạng SSD có tốc độ truy xuất dữ liệu nhanh. Trong trường hợp máy tính vẫn sử dụng ổ cứng HDD với tốc độ đọc/ghi dữ liệu chậm, việc sử dụng RAM ảo có thể làm chậm tốc độ hoạt động của máy tính. 

# Hướng dẫn thiết lập dung lượng RAM ảo trên máy tính chạy Windows 11
Để thiết lập hoặc thay đổi dung lượng bộ nhớ RAM ảo trên máy tính chạy Windows 11, bạn thực hiện theo các bước sau:

- Đầu tiên, kích chuột phải vào nút ""Start"" trên Windows 11, chọn ""Hệ thống"" tại menu hiện ra. Hoặc bạn cũng có thể nhấn vào nút tìm kiếm trên Windows 11, điền từ khóa ""xem thông tin RAM"", sau đó chọn ""Xem thông tin RAM"" ở phần kết quả bên dưới. 

- Tại cửa sổ ""Hệ thống"" hiện ra, bạn sẽ biết được máy tính của mình được trang bị bộ nhớ RAM dung lượng bao nhiêu và có cần thiết phải sử dụng tính năng RAM ảo hay không.

Tại đây, bạn nhấn vào tùy chọn ""Thiết đặt hệ thống chuyên sâu"".

- Chọn tab ""Advanced"" tại cửa sổ hiện ra, sau đó nhấn tiếp vào nút ""Settings"" ở mục ""Performance"".

- Tiếp tục chọn tab ""Advanced"" tại cửa sổ ""Performance Options"" hiện ra. Tại đây, bạn sẽ thấy mục ""Virtual Memory"", chính là dung lượng bộ nhớ RAM ảo mà Windows đã tự động thiết lập trên máy tính.

Bạn nhấn vào nút ""Change"" để thiết lập và thay đổi dung lượng bộ nhớ RAM ảo theo ý mình. 

- Mặc định, Windows sẽ tự động thiết lập dung lượng bộ nhớ RAM ảo để phù hợp với dung lượng ổ cứng còn trống trên máy tính.

Sau khi nhấn vào nút ""Change"", bạn bỏ đi tùy chọn ""Automatically manage paging file size for all drives"", sau đó tùy chọn phân vùng ổ cứng muốn tận dụng dung lượng để làm RAM ảo cho hệ thống.

Thông thường chúng ta sẽ sử dụng phân vùng hệ thống (phân vùng ổ đĩa C), sau đó nhấn vào tùy chọn ""Custom size"" để thiết lập dung lượng bộ nhớ RAM ảo. Tại mục thiết lập này, người dùng sẽ điền 2 thông số vào khung ""Initial size"" (Dung lượng ban đầu) và ""Maximum size"" (Dung lượng tối đa).

Bạn nên thiết lập dung lượng ban đầu tương đương với dung lượng RAM vật lý hiện có trên máy tính, còn dung lượng RAM tối đa nên gấp đôi dung lượng RAM vật lý. Chẳng hạn nếu máy tính của bạn có bộ nhớ RAM 8GB, hãy thiết lập ""Initial size"" ở mức 8GB (8.000MB) và ""Maximum size"" ở mức 16GB (16.000MB).

Cuối cùng nhấn nút ""OK"" để lưu lại thiết lập. 

Khởi động lại máy tính để các thiết lập có tác dụng. Lúc này bạn có thể tiếp tục sử dụng máy tính để cảm nhận xem những thay đổi trong thiết lập bộ nhớ RAM ảo có phát huy hiệu quả hay không.

Lưu ý: Do bộ nhớ RAM ảo sẽ sử dụng dung lượng trống trên ổ cứng để thực hiện chức năng của RAM, do vậy bạn không thể thiết lập dung lượng RAM ảo lớn hơn dung lượng trống còn lại trên phân vùng ổ cứng đã chọn. Thông tin tại mục ""Space available"" sẽ cho bạn biết phân vùng ổ cứng đã chọn còn trống bao nhiêu dung lượng, dựa vào đó để thiết lập bộ nhớ RAM ảo cho phù hợp. 

Theo Quang Huy 
Nguồn: Báo Dân Trí",,2026-03-10T00:16:04.884Z,,PUBLISHED,2026-03-30T00:16:04.884Z,,,,
37036691-331f-4a97-903c-6b6ad9e05147,4bc7eff0-091a-45f8-84ca-72276cc4fc1e,Khởi tố nhiều đối tượng liên quan đến sàn giao dịch tiền mã hóa ONUS,,2026-03-04T00:15:04.498Z,,PUBLISHED,2026-03-30T00:15:04.498Z,,,,
37061d17-3c4f-4116-ad63-f2b2186385b2,65c58780-4703-4009-8925-921f4924b4d7,Bánh cuốn nóng siu ngon. #diadiemanuong #diadiemanngon #reviewanuong #reviewanngon #nsaigon #food #foodie #foodreview #ansapsaigon #amthuc #amthucviet #anvat #anvatsaigon #Monngonmoingay #monngon #anngon #anngonnaungon #vivusaigon #chill #amthucsaigon #amthucduongpho #vietnamesefood #ShopeeFood #saigonangi #foodlover,,2026-03-26T00:13:00.626Z,,PUBLISHED,2026-03-30T00:13:00.626Z,,,,
370b5651-710c-40ba-8213-c93e5e6a3452,06339fa5-01b2-495c-8f7d-a40e941ceecf,Đề xuất doanh nghiệp có sai phạm hình sự phải công khai thông tin tại trụ sở👇,,2026-03-08T00:15:04.279Z,,PUBLISHED,2026-03-30T00:15:04.279Z,,,,
373c4f66-b2a9-4fe5-9797-01e2028904e7,fd5b4d2b-1788-4bac-a8c6-2d738376737c,"Last week in posters 🎞️

What are you adding to your watchlist?",,2026-03-30T00:13:50.910Z,,PUBLISHED,2026-03-30T00:13:50.910Z,,,,
373d7e72-f568-474d-b657-cf46219b2f99,ec1e627a-5418-4713-920d-29496f252009,Dog enjoying and balancing a surfboard like a pro,,2026-03-30T00:10:59.117Z,,PUBLISHED,2026-03-30T00:10:59.117Z,,,,
37657b0d-53d5-4c61-a0df-f1ee606897de,ec1e627a-5418-4713-920d-29496f252009,Cat keeps little baby safe on the balcony!,,2026-03-03T00:11:14.426Z,,PUBLISHED,2026-03-30T00:11:14.426Z,,,,
37668f7e-7778-4922-a6a4-6b9edf16b711,e6eecc77-6d92-46df-b92d-7ee2391ae019,"Meta Reality Labs is reorganizing to be 'AI-native,' forming pods of 'AI builders.' The change aims to boost productivity at Meta.

(Credit: Getty Images)

#meta #metareality #AI #AIworkers",,2026-03-22T00:16:58.388Z,,PUBLISHED,2026-03-30T00:16:58.388Z,,,,
377fbd1a-09cf-4297-90fb-343d5e6b935c,4bc7eff0-091a-45f8-84ca-72276cc4fc1e,"BREAKING: U.S. launches investigations into top trading partners like the E.U., China and Mexico, a process that is expected to lead to new tariffs.",,2026-03-28T00:15:25.606Z,,PUBLISHED,2026-03-30T00:15:25.606Z,,,,
37dd6ae4-902d-4d1f-a3a5-84a8e1ac037e,160b6d37-539a-4c4c-8d0f-60674c5e1575,"Miley Cyrus brought a touch of Hannah Montana magic to the red carpet at the show’s 20th anniversary special.

At the Los Angeles premiere, the singer turned heads in a sparkling chainmail gown layered over a white T-shirt featuring her iconic Disney Channel alter ego—blending high fashion with nostalgia.

She completed the look with loose hair and side bangs, subtly recreating Hannah Montana’s signature style, along with shimmering jewellery and silver heels.

Speaking at the event, Miley reflected on her time on the show, even addressing the famous blonde wig from the early seasons.

“It was pretty good for what we were working with,” she joked, before adding she’d tell her younger self to “enjoy it and have fun” despite the hard work.

The special, which celebrates two decades since the hit series first aired, features a sit-down interview with Miley as well as unseen footage and behind-the-scenes moments.

The night also saw Miley reunited with former co-stars and supported by family and loved ones, marking a full-circle moment for the star who first rose to fame as the teen with a double life.

📸: Michael Buckner/Variety via Getty",,2026-03-07T00:14:30.443Z,,PUBLISHED,2026-03-30T00:14:30.443Z,,,,
37e10837-d5a0-40c9-bf30-21d86c94e5c4,ecb51e1a-b698-40a0-95d8-2eea6e774ba4,"At #cmscop15, we are supporting cooperation around conserving the Amazon’s migratory turtles, says Camila Ferrara of WCS Brasil.

CMS is built around the idea that it’s not enough to protect animals in one country if they are vulnerable in another.

Follow along: https://www.wcs.org/cms-cop15",,2026-03-20T00:14:30.673Z,,PUBLISHED,2026-03-30T00:14:30.673Z,,,,
380bba36-7264-49ec-b742-83e13d3e823c,063ce956-10ac-4677-a744-7ad0b829f7a0,"Chủ dự án Sunbay Park Hotel & Resort ở Khánh Hòa tiếp tục báo lỗ trong năm 2025. Lỗ lũy kế đã lên gần 300 tỷ đồng. Dòng tiền ngắn hạn cũng mất cân đối khi nợ ngắn hạn lớn hơn tài sản ngắn hạn hơn 2,000 tỷ đồng. Kiểm toán vì vậy lưu ý khả năng hoạt động liên tục của Doanh nghiệp có thể bị ảnh hưởng.",,2026-03-25T00:12:04.871Z,,PUBLISHED,2026-03-30T00:12:04.871Z,,,,
3847ef2e-2460-4721-9931-e5b86f989387,a6f43c21-de9d-4c11-b41d-c22d63b8579f,"Tổng Bí thư: Nhân sự chủ chốt của bộ máy nhà nước phải được xem xét thật kỹ
Hội nghị lần thứ 2 Ban chấp hành Trung ương Đảng khóa 14 khai mạc trọng thể sáng 23/4 tại Hà Nội.
Tổng Bí thư yêu cầu hội nghị lần này phải nhận thức thật sâu sắc rằng đây là hội nghị đặt nền móng vận hành cho cả nhiệm kỳ.
Chương trình làm việc toàn khóa, quy chế làm việc, quy định thi hành Điều lệ Đảng, các quy định về kiểm tra, giám sát, kỷ luật, công tác tư tưởng, cơ chế phối hợp, nhân sự chủ chốt của bộ máy nhà nước... là “kết cấu” của tổ chức, là “mạch dẫn” của quyền lực, là “chuẩn mực” để giữ vững nguyên tắc, là “cơ chế” để kiểm soát quyền lực, là “công cụ” để phát huy dân chủ đi đôi với giữ nghiêm kỷ luật, kỷ cương.
“Chúng ta phải chuẩn bị tốt để tạo nền nếp, nhịp độ, hiệu lực, tăng sức chiến đấu cho cả nhiệm kỳ. Vì vậy, từng nội dung phải được xem xét thật kỹ, đối chiếu thật sát với Điều lệ Đảng, với Hiến pháp, với yêu cầu xây dựng Nhà nước pháp quyền xã hội chủ nghĩa, với yêu cầu xây dựng Đảng trong sạch, vững mạnh toàn diện và với thực tiễn sinh động của cuộc sống” - Tổng Bí thư nhấn mạnh.",,2026-03-21T00:15:44.196Z,,PUBLISHED,2026-03-30T00:15:44.196Z,,,,
3871ac5f-9ded-4ff1-a0c4-829dada8e2b1,ec1e627a-5418-4713-920d-29496f252009,Join in the easiest fishing experience ever!,,2026-03-04T00:11:14.426Z,,PUBLISHED,2026-03-30T00:11:14.426Z,,,,
38bed97a-307a-4c2c-8bae-4f35452853d5,d7497b01-a9a0-4cd7-8999-666a8ca37779,"Nóng: Ngân hàng Thái Lan hủy vụ thâu tóm Home Credit Việt Nam, dù 'đại gia' tài chính tiêu dùng báo lãi kỷ lục",,2026-03-04T00:11:49.295Z,,PUBLISHED,2026-03-30T00:11:49.295Z,,,,
3901be5a-7ee1-4665-bf64-dc5671d2dff5,5a3c02df-6c93-4aae-b63e-f598c32df599,"""As a wedding photographer, the best and most creative ideas I've seen at ceremonies and receptions include unique guest books and first-look photos.""

(Credit: Shutterstock)

#wedding #weddinginspo #weddingideas #marriage #photographer",,2026-03-05T00:11:49.082Z,,PUBLISHED,2026-03-30T00:11:49.082Z,,,,
39225f3c-9683-4972-ad1a-0d2e1fb070e1,063ce956-10ac-4677-a744-7ad0b829f7a0,Bạn Sao Rồi,,2026-03-16T00:12:04.870Z,,PUBLISHED,2026-03-30T00:12:04.870Z,,,,
393d9eb6-ed4e-412b-827b-d5e92b63c18c,ae348cee-3ed1-415d-b557-79810deda907,"""His [Enzo] head has been turned just a little bit"" 🗣️

Kaveh Solhekol on reports of interest in Chelsea midfielders Moisés Caicedo and Enzo Fernández from Real Madrid 🔵 #ArmyJobs",,2026-03-01T00:16:57.603Z,,PUBLISHED,2026-03-30T00:16:57.603Z,,,,
394c2a96-abf2-4804-b841-29c5a762babf,fd5b4d2b-1788-4bac-a8c6-2d738376737c,Marvel’s ‘Wonder Man’ Has Been Renewed for a Second Season on Disney+,,2026-03-29T00:13:50.910Z,,PUBLISHED,2026-03-30T00:13:50.910Z,,,,
39538548-bc87-4916-93b3-bb2a8542953c,f9bb992c-f613-4e52-8d15-905f35113610,HÀNH TRÌNH 10 NĂM CỦA RHYMASTIC VÀ VỢ QUA NHỮNG THƯỚC ẢNH FILM 🎞️,,2026-03-23T00:14:11.606Z,,PUBLISHED,2026-03-30T00:14:11.606Z,,,,
3960671a-f542-48f2-bc3c-30a3e15e9c3b,2b9222fa-bd4b-4cfe-a301-f8e31cde883a,"Sao mà giống dữ zậy =)))

#GhienAmNhac #Vpop #music #VuHa #RHYDER",,2026-03-23T00:14:11.811Z,,PUBLISHED,2026-03-30T00:14:11.811Z,,,,
39936a85-fa44-4c83-952e-201056cedd91,fd5b4d2b-1788-4bac-a8c6-2d738376737c,New Poster |  #ForgottenIsland - In Theaters September 25. 🎬 https://movief.one/forgotten-island,,2026-03-22T00:13:50.912Z,,PUBLISHED,2026-03-30T00:13:50.912Z,,,,
39c1aad9-d0ac-4674-a3ea-d5aafd1c02ba,ec1e627a-5418-4713-920d-29496f252009,Nothing quite readied them for what they actually found 💔 Check comments:,,2026-03-14T00:11:14.426Z,,PUBLISHED,2026-03-30T00:11:14.426Z,,,,
39ceab5b-1882-4ab1-bdbb-9fa254f7a5c5,e6eecc77-6d92-46df-b92d-7ee2391ae019,"AI competition is heating up as Meta plans new pay increases. CEO Mark Zuckerberg isn't included in the plan.

(Credit: Getty Images)

#AI #Meta #techjobs #salaryincrease",,2026-03-15T00:16:58.388Z,,PUBLISHED,2026-03-30T00:16:58.388Z,,,,
39d1fa7b-22d8-4739-becc-e5f7c6be7f14,7cbd37a4-3374-4291-bd6d-b2474273342a,"Maybe love is closer than you think, Azuma. (via You and I Are Polar Opposites)",,2026-03-03T00:11:14.626Z,,PUBLISHED,2026-03-30T00:11:14.626Z,,,,
39f47da6-7a0d-4322-94dd-289cd17207ae,06339fa5-01b2-495c-8f7d-a40e941ceecf,Ông Trump để ngỏ phương án 'kiểm soát nguồn dầu Iran',,2026-03-27T00:15:04.279Z,,PUBLISHED,2026-03-30T00:15:04.279Z,,,,
3a026ba8-cb88-4294-b4e5-88acac1a3fce,f9bb992c-f613-4e52-8d15-905f35113610,"Phòng thủ tuyệt đối, Tóc Tiên lên đồ xinh xẻo đi biển, up clip ghép nhạc tâm trạng nhưng không quên rào trước: ""Video xinh hợp nhạc khum ẩn ý xin đừng nhét chữ""",,2026-03-14T00:14:11.605Z,,PUBLISHED,2026-03-30T00:14:11.605Z,,,,